,index_left,week,targets,complete_pass,yards_gained,air_yards,xYards,cp,implied_posteam_total,goal_to_go,qb_hit,middle,yards_after_catch,xyac_mean_yardage,team_attempts,team_air_yards,szn,target_week,receiver_player_name,posteam,last,identifier,full_name,offense_snaps,team,xYards_median,xYards/game,xYards_sum,yards_sum,yards/game,games,index_right,FB,RB,TE,WR,other
0,0,10.0,2.0,2.0,10.0,10.0,7.875284030311878,1.184402525424957,17.25,1.0,0.0,0.0,0.0,4.25136228097836,35.0,223.0,2022.0,11,A.Green,ARI,Green,A.Green_ARI_10,A.J. Green,30.0,ARI,3.937642015155939,12.665666679635054,75.99400007781033,37.0,6.166666666666667,6.0,0,0,0,0,1,0
2,0,10.0,0.0,0.0,0.0,0.0,0.0,0.0,0.0,0.0,0.0,0.0,0.0,0.0,0.0,0.0,0.0,11,E.Benjamin,ARI,Benjamin,E.Benjamin_ARI_10,Eno Benjamin,1.0,ARI,20.34714374495962,18.658464692049744,111.95078815229847,115.0,19.166666666666668,6.0,0,0,1,0,0,0
3,0,10.0,0.0,0.0,0.0,0.0,0.0,0.0,0.0,0.0,0.0,0.0,0.0,0.0,0.0,0.0,0.0,11,G.Dortch,ARI,Dortch,G.Dortch_ARI_10,Greg Dortch,2.0,ARI,1.4607318193805385,4.766984893649909,28.60190936189945,17.0,2.8333333333333335,6.0,0,0,0,0,1,0
4,0,10.0,3.0,3.0,17.0,-6.0,12.88158194111493,2.589148581027985,17.25,0.0,0.0,0.0,23.0,22.45430056242912,35.0,223.0,2022.0,11,J.Conner,ARI,Conner,J.Conner_ARI_10,James Conner,65.0,ARI,20.486595818561387,19.44769321649905,116.68615929899431,110.0,18.333333333333332,6.0,0,0,1,0,0,0
5,0,10.0,1.0,1.0,12.0,8.0,8.443383164826715,0.700349390506744,17.25,0.0,0.0,1.0,4.0,4.20648353602155,35.0,223.0,2022.0,11,Z.Ertz,ARI,Ertz,Z.Ertz_ARI_10,Zach Ertz,9.0,ARI,55.82084179837615,53.605190785274175,321.63114471164505,225.0,37.5,6.0,0,0,0,1,0,0
6,0,10.0,0.0,0.0,0.0,0.0,0.0,0.0,0.0,0.0,0.0,0.0,0.0,0.0,0.0,0.0,0.0,11,S.Anderson,ARI,Anderson,S.Anderson_ARI_10,Stephen Anderson,25.0,ARI,0.0,0.0,0.0,0.0,0.0,6.0,0,0,0,1,0,0
7,0,10.0,13.0,9.0,94.0,110.0,86.95350742312975,8.964002639055254,17.25,0.0,2.0,3.0,35.0,51.96622932500027,35.0,223.0,2022.0,11,R.Moore,ARI,Moore,R.Moore_ARI_10,Rondale Moore,66.0,ARI,60.042635890449716,56.64822404191053,339.88934425146317,403.0,67.16666666666667,6.0,0,0,0,0,1,0
8,0,10.0,1.0,1.0,7.0,5.0,5.597159731205065,0.778075397014618,17.25,0.0,0.0,0.0,2.0,3.49674924369901,35.0,223.0,2022.0,11,T.McBride,ARI,McBride,T.McBride_ARI_10,Trey McBride,62.0,ARI,0.0,0.9328599552008442,5.597159731205065,7.0,1.1666666666666667,6.0,0,0,0,1,0,0
9,0,10.0,14.0,10.0,98.0,96.0,96.2216920692108,9.800170838832855,17.25,1.0,1.0,2.0,30.0,54.003259611934475,35.0,223.0,2022.0,11,D.Hopkins,ARI,Hopkins,D.Hopkins_ARI_10,DeAndre Hopkins,64.0,ARI,102.26212798308656,89.0780840247867,356.3123360991468,396.0,99.0,4.0,0,0,0,0,1,0
10,0,10.0,0.0,0.0,0.0,0.0,0.0,0.0,0.0,0.0,0.0,0.0,0.0,0.0,0.0,0.0,0.0,11,K.Ingram,ARI,Ingram,K.Ingram_ARI_10,Keaontay Ingram,5.0,ARI,0.0,2.5124158923208113,10.049663569283245,23.0,5.75,4.0,0,0,1,0,0,0
11,0,10.0,0.0,0.0,0.0,0.0,0.0,0.0,0.0,0.0,0.0,0.0,0.0,0.0,0.0,0.0,0.0,11,R.Anderson,ARI,Anderson,R.Anderson_ARI_10,Robbie Anderson,8.0,ARI,0.0,7.457062876474936,29.828251505899743,-4.0,-1.0,4.0,0,0,0,0,1,0
12,0,10.0,0.0,0.0,0.0,0.0,0.0,0.0,0.0,0.0,0.0,0.0,0.0,0.0,0.0,0.0,0.0,11,A.Williams,ATL,Williams,A.Williams_ATL_10,Avery Williams,9.0,ATL,5.26358490911252,5.043349845118101,30.260099070708605,21.0,3.5,6.0,0,0,1,0,0,0
13,0,10.0,1.0,1.0,2.0,2.0,5.09140609924187,0.781002879142761,22.0,0.0,0.0,0.0,0.0,4.32546309451573,29.0,354.0,2022.0,11,C.Patterson,ATL,Patterson,C.Patterson_ATL_10,Cordarrelle Patterson,24.0,ATL,5.312335033467526,8.149204709442332,48.895228256653986,39.0,6.5,6.0,0,0,1,0,0,0
14,0,10.0,6.0,5.0,38.0,70.0,50.36039840467293,3.798014581203462,22.0,1.0,0.0,3.0,8.0,20.90720828340273,29.0,354.0,2022.0,11,D.London,ATL,London,D.London_ATL_10,Drake London,55.0,ATL,40.94832979134482,36.70652743960338,220.23916463762026,176.0,29.333333333333332,6.0,0,0,0,0,1,0
15,0,10.0,2.0,2.0,37.0,36.0,16.203926538739545,0.90989026427269,22.0,0.0,0.0,0.0,1.0,2.82277722342405,29.0,354.0,2022.0,11,K.Hodge,ATL,Hodge,K.Hodge_ATL_10,KhaDarel Hodge,8.0,ATL,8.101963269369772,12.31504213672085,73.8902528203251,89.0,14.833333333333334,6.0,0,0,0,0,1,0
16,0,10.0,8.0,2.0,28.0,135.0,79.47250160610174,4.457457393407822,22.0,0.0,1.0,1.0,1.0,7.584426471643381,29.0,354.0,2022.0,11,K.Pitts,ATL,Pitts,K.Pitts_ATL_10,Kyle Pitts,56.0,ATL,49.281477261776814,50.76633644154649,304.59801864927897,188.0,31.333333333333332,6.0,0,0,0,1,0,0
17,0,10.0,4.0,2.0,34.0,65.0,44.73486330728707,2.117590427398682,22.0,0.0,2.0,2.0,11.0,7.735529093202789,29.0,354.0,2022.0,11,O.Zaccheaus,ATL,Zaccheaus,O.Zaccheaus_ATL_10,Olamide Zaccheaus,48.0,ATL,31.662573081941076,27.707784531502877,166.24670718901726,191.0,31.833333333333332,6.0,0,0,0,0,1,0
18,0,10.0,0.0,0.0,0.0,0.0,0.0,0.0,0.0,0.0,0.0,0.0,0.0,0.0,0.0,0.0,0.0,11,P.Hesse,ATL,Hesse,P.Hesse_ATL_10,Parker Hesse,22.0,ATL,0.0,2.490984782691862,14.945908696151172,18.0,3.0,6.0,0,0,0,1,0,0
19,0,10.0,0.0,0.0,0.0,0.0,0.0,0.0,0.0,0.0,0.0,0.0,0.0,0.0,0.0,0.0,0.0,11,B.Edwards,ATL,Edwards,B.Edwards_ATL_10,Bryan Edwards,6.0,ATL,1.6778327975703646,3.713795228049959,22.282771368299755,15.0,2.5,6.0,0,0,0,0,1,0
20,0,10.0,3.0,3.0,-17.0,-14.0,10.862805351138629,1.9456309080123901,22.0,0.0,2.0,1.0,-3.0,31.04014508375262,29.0,354.0,2022.0,11,T.Allgeier,ATL,Allgeier,T.Allgeier_ATL_10,Tyler Allgeier,30.0,ATL,3.177108137047409,5.789916048209911,34.73949628925946,53.0,8.833333333333334,6.0,0,0,1,0,0,0
21,0,10.0,0.0,0.0,0.0,0.0,0.0,0.0,0.0,0.0,0.0,0.0,0.0,0.0,0.0,0.0,0.0,11,K.Smith,ATL,Smith,K.Smith_ATL_10,Keith Smith,6.0,ATL,0.0,0.9149447428882108,5.489668457329265,8.0,1.3333333333333333,6.0,0,1,0,0,0,0
22,0,10.0,1.0,1.0,6.0,4.0,6.757737254861787,0.807110905647278,22.0,0.0,0.0,1.0,2.0,4.67972939232277,29.0,354.0,2022.0,11,M.Pruitt,ATL,Pruitt,M.Pruitt_ATL_10,MyCole Pruitt,12.0,ATL,0.6177745290986746,2.0195226436985827,12.117135862191496,14.0,2.3333333333333335,6.0,0,0,0,1,0,0
23,0,10.0,4.0,3.0,58.0,56.0,38.74645285277984,2.317811042070389,22.0,0.0,0.0,0.0,8.0,11.714697371826329,29.0,354.0,2022.0,11,D.Byrd,ATL,Byrd,D.Byrd_ATL_10,Damiere Byrd,30.0,ATL,9.26457084305985,21.066935493024097,126.40161295814458,200.0,33.333333333333336,6.0,0,0,0,0,1,0
24,0,10.0,6.0,4.0,57.0,58.0,42.74146173031097,3.553047746419907,26.75,1.0,0.0,0.0,26.0,16.01941656963754,41.0,360.0,2022.0,11,D.Knox,BUF,Knox,D.Knox_BUF_10,Dawson Knox,61.0,BUF,27.611787969997565,32.50306248785719,195.01837492714316,194.0,32.333333333333336,6.0,0,0,0,1,0,0
25,0,10.0,2.0,1.0,0.0,-4.0,11.220904704688277,1.663846611976623,26.75,0.0,0.0,0.0,6.0,11.725557160913,41.0,360.0,2022.0,11,D.Singletary,BUF,Singletary,D.Singletary_BUF_10,Devin Singletary,54.0,BUF,19.472306209637935,19.52144920049818,117.12869520298906,113.0,18.833333333333332,6.0,0,0,1,0,0,0
26,0,10.0,9.0,6.0,93.0,142.0,92.15435916177947,4.70085519552231,26.75,0.0,0.0,3.0,2.0,23.14254188048653,41.0,360.0,2022.0,11,G.Davis,BUF,Davis,G.Davis_BUF_10,Gabriel Davis,70.0,BUF,67.63403657365004,62.28720027749578,373.7232016649747,419.0,69.83333333333333,6.0,0,0,0,0,1,0
27,0,10.0,5.0,4.0,37.0,26.0,28.1802242931633,3.294427990913391,26.75,1.0,1.0,1.0,17.0,15.426035330259761,41.0,360.0,2022.0,11,I.McKenzie,BUF,McKenzie,I.McKenzie_BUF_10,Isaiah McKenzie,52.0,BUF,29.866672120233744,30.089746117336873,180.53847670402124,163.0,27.166666666666668,6.0,0,0,0,0,1,0
28,0,10.0,16.0,12.0,128.0,135.0,130.78659151006423,10.827570229768753,26.75,0.0,1.0,1.0,43.0,53.47005922690734,41.0,360.0,2022.0,11,S.Diggs,BUF,Diggs,S.Diggs_BUF_10,Stefon Diggs,69.0,BUF,95.54003294457917,95.15189577642366,570.911374658542,641.0,106.83333333333333,6.0,0,0,0,0,1,0
29,0,10.0,0.0,0.0,0.0,0.0,0.0,0.0,0.0,0.0,0.0,0.0,0.0,0.0,0.0,0.0,0.0,11,J.Kumerow,BUF,Kumerow,J.Kumerow_BUF_10,Jake Kumerow,8.0,BUF,0.0,6.795305225286921,40.771831351721524,64.0,10.666666666666666,6.0,0,0,0,0,1,0
30,0,10.0,0.0,0.0,0.0,0.0,0.0,0.0,0.0,0.0,0.0,0.0,0.0,0.0,0.0,0.0,0.0,11,Q.Morris,BUF,Morris,Q.Morris_BUF_10,Quintin Morris,14.0,BUF,0.0,5.931011347429469,35.586068084576816,39.0,6.5,6.0,0,0,0,1,0,0
31,0,10.0,0.0,0.0,0.0,0.0,0.0,0.0,0.0,0.0,0.0,0.0,0.0,0.0,0.0,0.0,0.0,11,R.Gilliam,BUF,Gilliam,R.Gilliam_BUF_10,Reggie Gilliam,4.0,BUF,0.0,3.1587046715048186,18.952228029028912,18.0,3.0,6.0,0,1,0,0,0,0
32,0,10.0,0.0,0.0,0.0,0.0,0.0,0.0,0.0,0.0,0.0,0.0,0.0,0.0,0.0,0.0,0.0,11,J.Cook,BUF,Cook,J.Cook_BUF_10,James Cook,13.0,BUF,0.0,6.134373147965177,36.80623888779106,59.0,9.833333333333334,6.0,0,0,1,0,0,0
33,0,10.0,2.0,1.0,6.0,7.0,12.425076759378225,1.534330546855927,26.75,0.0,0.0,0.0,2.0,4.29515308786358,41.0,360.0,2022.0,11,K.Shakir,BUF,Shakir,K.Shakir_BUF_10,Khalil Shakir,15.0,BUF,12.014606526413038,15.377059891436069,92.26235934861641,118.0,19.666666666666668,6.0,0,0,0,0,1,0
34,0,10.0,1.0,1.0,9.0,-4.0,5.743061728895502,0.871354758739471,26.75,0.0,0.0,0.0,13.0,10.3396126633743,41.0,360.0,2022.0,11,N.Hines,BUF,Hines,N.Hines_BUF_10,Nyheim Hines,6.0,BUF,,,,,,2.0,0,0,1,0,0,0
35,0,10.0,6.0,4.0,29.0,53.0,41.708227745374145,3.816750854253768,19.5,0.0,0.0,0.0,9.0,26.38155666511012,16.0,89.0,2022.0,11,D.Moore,CAR,Moore,D.Moore_CAR_10,D.J. Moore,59.0,CAR,54.188921423237026,65.18028938292444,391.0817362975467,340.0,56.666666666666664,6.0,0,0,0,0,1,0
36,0,10.0,0.0,0.0,0.0,0.0,0.0,0.0,0.0,0.0,0.0,0.0,0.0,0.0,0.0,0.0,0.0,11,I.Thomas,CAR,Thomas,I.Thomas_CAR_10,Ian Thomas,33.0,CAR,4.3408122027326215,4.6209125889343055,27.72547553360583,35.0,5.833333333333333,6.0,0,0,0,1,0,0
37,0,10.0,1.0,1.0,17.0,16.0,10.133347790623981,0.55550754070282,19.5,0.0,0.0,0.0,1.0,2.99772391852457,16.0,89.0,2022.0,11,S.Smith,CAR,Smith,S.Smith_CAR_10,Shi Smith,16.0,CAR,3.7618261996011393,10.025167488724714,60.151004932348286,106.0,17.666666666666668,6.0,0,0,0,0,1,0
38,0,10.0,0.0,0.0,0.0,0.0,0.0,0.0,0.0,0.0,0.0,0.0,0.0,0.0,0.0,0.0,0.0,11,T.Tremble,CAR,Tremble,T.Tremble_CAR_10,Tommy Tremble,39.0,CAR,3.4266165986254147,11.84214177115597,71.05285062693582,57.0,9.5,6.0,0,0,0,1,0,0
39,0,10.0,1.0,1.0,2.0,0.0,5.141415711428352,0.736298024654388,19.5,0.0,0.0,0.0,2.0,7.05293525522575,16.0,89.0,2022.0,11,G.Ricci,CAR,Ricci,G.Ricci_CAR_10,Giovanni Ricci,8.0,CAR,2.4793893527148736,4.771747258575823,28.63048355145494,37.0,6.166666666666667,6.0,0,0,0,1,0,0
40,0,10.0,0.0,0.0,0.0,0.0,0.0,0.0,0.0,0.0,0.0,0.0,0.0,0.0,0.0,0.0,0.0,11,S.Sullivan,CAR,Sullivan,S.Sullivan_CAR_10,Stephen Sullivan,6.0,CAR,0.0,1.7440850610453256,10.464510366271954,33.0,5.5,6.0,0,0,0,1,0,0
41,0,10.0,4.0,3.0,17.0,-14.0,21.19572522432726,3.499661207199097,19.5,0.0,0.0,0.0,28.0,28.79850222223462,16.0,89.0,2022.0,11,L.Shenault,CAR,Shenault,L.Shenault_CAR_10,Laviska Shenault,26.0,CAR,8.181148938074607,12.104923961836022,72.62954377101613,141.0,23.5,6.0,0,0,0,0,1,0
42,0,10.0,2.0,1.0,43.0,22.0,16.18838039540065,1.239510655403137,19.5,0.0,0.0,0.0,31.0,3.46481285377377,16.0,89.0,2022.0,11,T.Marshall,CAR,Marshall,T.Marshall_CAR_10,Terrace Marshall,59.0,CAR,25.85052282361046,27.28475494694523,163.7085296816714,244.0,40.666666666666664,6.0,0,0,0,0,1,0
43,0,10.0,0.0,0.0,0.0,0.0,0.0,0.0,0.0,0.0,0.0,0.0,0.0,0.0,0.0,0.0,0.0,11,C.Hubbard,CAR,Hubbard,C.Hubbard_CAR_10,Chuba Hubbard,12.0,CAR,0.0,3.399367948791324,20.396207692747943,11.0,1.8333333333333333,6.0,0,0,1,0,0,0
44,0,10.0,0.0,0.0,0.0,0.0,0.0,0.0,0.0,0.0,0.0,0.0,0.0,0.0,0.0,0.0,0.0,11,D.Foreman,CAR,Foreman,D.Foreman_CAR_10,D'Onta Foreman,45.0,CAR,0.0,4.118065609676338,24.708393658058032,25.0,4.166666666666667,6.0,0,0,1,0,0,0
45,0,10.0,0.0,0.0,0.0,0.0,0.0,0.0,0.0,0.0,0.0,0.0,0.0,0.0,0.0,0.0,0.0,11,R.Blackshear,CAR,Blackshear,R.Blackshear_CAR_10,Raheem Blackshear,8.0,CAR,0.0,4.818965969868465,19.27586387947386,40.0,10.0,4.0,0,0,1,0,0,0
46,0,10.0,2.0,1.0,12.0,26.0,23.17494271847991,1.307161450386048,25.75,0.0,0.0,1.0,0.0,4.6086387608666,18.0,184.0,2022.0,11,B.Pringle,CHI,Pringle,B.Pringle_CHI_10,Byron Pringle,20.0,CHI,12.787178546587304,12.187324952913631,48.749299811654524,45.0,11.25,4.0,0,0,0,0,1,0
47,0,10.0,1.0,1.0,7.0,5.0,7.472450548199422,0.792364060878754,25.75,0.0,0.0,1.0,2.0,4.9203516523412,18.0,184.0,2022.0,11,D.Montgomery,CHI,Montgomery,D.Montgomery_CHI_10,David Montgomery,40.0,CHI,9.390474681680818,10.315880701519923,61.89528420911954,112.0,18.666666666666668,6.0,0,0,1,0,0,0
48,0,10.0,4.0,4.0,57.0,39.0,36.464020226546516,2.545938760042191,25.75,0.0,0.0,1.0,18.0,20.19867909399181,18.0,184.0,2022.0,11,D.Mooney,CHI,Mooney,D.Mooney_CHI_10,Darnell Mooney,53.0,CHI,40.90876925534358,46.54783646669222,279.2870188001533,343.0,57.166666666666664,6.0,0,0,0,0,1,0
49,0,10.0,1.0,1.0,9.0,9.0,9.71915213568495,0.74739807844162,25.75,0.0,0.0,1.0,0.0,4.05398602504283,18.0,184.0,2022.0,11,D.Pettis,CHI,Pettis,D.Pettis_CHI_10,Dante Pettis,27.0,CHI,11.146344274660215,16.53880882449705,99.23285294698229,125.0,20.833333333333332,6.0,0,0,0,0,1,0
50,0,10.0,0.0,0.0,0.0,0.0,0.0,0.0,0.0,0.0,0.0,0.0,0.0,0.0,0.0,0.0,0.0,11,E.St. Brown,CHI,St. Brown,E.St. Brown_CHI_10,Equanimeous St. Brown,31.0,CHI,8.358350036822175,15.142854001075657,90.85712400645394,78.0,13.0,6.0,0,0,0,0,1,0
51,0,10.0,0.0,0.0,0.0,0.0,0.0,0.0,0.0,0.0,0.0,0.0,0.0,0.0,0.0,0.0,0.0,11,K.Herbert,CHI,Herbert,K.Herbert_CHI_10,Khalil Herbert,23.0,CHI,0.0,1.2994771298943235,7.796862779365941,25.0,4.166666666666667,6.0,0,0,1,0,0,0
52,0,10.0,0.0,0.0,0.0,0.0,0.0,0.0,0.0,0.0,0.0,0.0,0.0,0.0,0.0,0.0,0.0,11,R.Griffin,CHI,Griffin,R.Griffin_CHI_10,Ryan Griffin,13.0,CHI,0.0,1.6362400858897068,9.817440515338241,6.0,1.0,6.0,0,0,0,1,0,0
53,0,10.0,7.0,4.0,74.0,79.0,53.9012661191204,4.049516201019287,25.75,1.0,1.0,2.0,33.0,21.6265702128876,18.0,184.0,2022.0,11,C.Kmet,CHI,Kmet,C.Kmet_CHI_10,Cole Kmet,57.0,CHI,25.52567995104469,27.6979253877862,166.1875523267172,218.0,36.333333333333336,6.0,0,0,0,1,0,0
54,0,10.0,0.0,0.0,0.0,0.0,0.0,0.0,0.0,0.0,0.0,0.0,0.0,0.0,0.0,0.0,0.0,11,T.Wesco,CHI,Wesco,T.Wesco_CHI_10,Trevon Wesco,15.0,CHI,0.0,0.0,0.0,0.0,0.0,6.0,0,0,0,1,0,0
55,0,10.0,2.0,1.0,8.0,19.0,20.329621678337915,1.28524461388588,25.75,0.0,0.0,1.0,12.0,10.814866149216,18.0,184.0,2022.0,11,C.Claypool,CHI,Claypool,C.Claypool_CHI_10,Chase Claypool,19.0,CHI,,,,,,2.0,0,0,0,0,1,0
56,0,10.0,3.0,3.0,32.0,27.0,20.473226305228657,1.762930959463119,23.0,0.0,1.0,0.0,5.0,9.79399205106166,33.0,285.0,2022.0,11,A.Cooper,CLE,Cooper,A.Cooper_CLE_10,Amari Cooper,58.0,CLE,49.21193475665649,54.21910390697095,325.3146234418257,366.0,61.0,6.0,0,0,0,0,1,0
57,0,10.0,1.0,1.0,3.0,1.0,5.792316760887162,0.799296259880066,23.0,0.0,0.0,0.0,2.0,6.58099821952783,33.0,285.0,2022.0,11,A.Schwartz,CLE,Schwartz,A.Schwartz_CLE_10,Anthony Schwartz,12.0,CLE,0.0,0.965386126814527,5.792316760887162,3.0,0.5,6.0,0,0,0,0,1,0
58,0,10.0,9.0,5.0,99.0,158.0,91.96519128452174,4.4637260138988495,23.0,0.0,2.0,2.0,20.0,22.50088061179849,33.0,285.0,2022.0,11,D.Peoples-Jones,CLE,Peoples-Jones,D.Peoples-Jones_CLE_10,Donovan Peoples-Jones,59.0,CLE,51.49999271793574,57.81857284609919,346.9114370765951,446.0,74.33333333333333,6.0,0,0,0,0,1,0
59,0,10.0,3.0,3.0,15.0,4.0,12.4953044738999,2.154779732227326,23.0,1.0,0.0,0.0,11.0,11.787238538425298,33.0,285.0,2022.0,11,H.Bryant,CLE,Bryant,H.Bryant_CLE_10,Harrison Bryant,51.0,CLE,14.42504467622542,16.057603979765002,96.34562387859002,66.0,11.0,6.0,0,0,0,1,0,0
60,0,10.0,1.0,1.0,10.0,-3.0,5.651851266256167,0.878259897232056,23.0,0.0,0.0,0.0,13.0,9.66381281513895,33.0,285.0,2022.0,11,K.Hunt,CLE,Hunt,K.Hunt_CLE_10,Kareem Hunt,24.0,CLE,13.04095456068291,11.502585514529224,69.01551308717535,73.0,12.166666666666666,6.0,0,0,1,0,0,0
61,0,10.0,4.0,3.0,18.0,10.0,21.086862661474285,2.713465988636016,23.0,0.0,2.0,1.0,18.0,21.658984002300727,33.0,285.0,2022.0,11,N.Chubb,CLE,Chubb,N.Chubb_CLE_10,Nick Chubb,32.0,CLE,12.526528657695124,10.946386040951923,65.67831624571154,60.0,10.0,6.0,0,0,1,0,0,0
62,0,10.0,5.0,3.0,24.0,38.0,40.46542046660639,3.5497940182685848,23.0,0.0,1.0,3.0,8.0,11.8176246123985,33.0,285.0,2022.0,11,Dav.Bell,CLE,Bell,D.Bell_CLE_10,David Bell,35.0,CLE,15.825771176012369,19.697361773533803,118.18417064120283,112.0,18.666666666666668,6.0,0,0,0,0,1,0
63,0,10.0,1.0,1.0,-2.0,-5.0,5.1544788815582585,0.873624801635742,23.0,0.0,0.0,0.0,3.0,10.223565373075,33.0,285.0,2022.0,11,D.Johnson,CLE,Johnson,D.Johnson_CLE_10,D'Ernest Johnson,12.0,CLE,2.5772394407791293,4.344673800310125,17.3786952012405,7.0,1.75,4.0,0,0,1,0,0,0
64,0,10.0,0.0,0.0,0.0,0.0,0.0,0.0,0.0,0.0,0.0,0.0,0.0,0.0,0.0,0.0,0.0,11,M.Woods,CLE,Woods,M.Woods_CLE_10,Michael Woods,13.0,CLE,7.663702642988397,8.176668098138986,32.706672392555944,21.0,5.25,4.0,0,0,0,0,1,0
65,0,10.0,5.0,2.0,13.0,19.0,31.648971085516504,3.954942584037781,23.0,0.0,0.0,2.0,2.0,6.70587932691706,33.0,285.0,2022.0,11,P.Brown,CLE,Brown,P.Brown_CLE_10,Pharaoh Brown,28.0,CLE,0.0,10.994093495753251,54.97046747876625,34.0,6.8,5.0,0,0,0,1,0,0
66,0,10.0,15.0,11.0,150.0,148.0,129.61844983241642,9.837085753679277,24.0,1.0,1.0,6.0,41.0,49.41538714805939,43.0,308.0,2022.0,11,C.Lamb,DAL,Lamb,C.Lamb_DAL_10,CeeDee Lamb,75.0,DAL,67.14304382215815,75.05644110133328,450.3386466079997,515.0,85.83333333333333,6.0,0,0,0,0,1,0
67,0,10.0,8.0,6.0,54.0,56.0,48.80204998545696,4.965099513530733,24.0,2.0,1.0,3.0,13.0,18.17440896341579,43.0,308.0,2022.0,11,D.Schultz,DAL,Schultz,D.Schultz_DAL_10,Dalton Schultz,63.0,DAL,27.148774554882678,27.292024946802073,163.75214968081244,195.0,32.5,6.0,0,0,0,1,0,0
68,0,10.0,3.0,1.0,3.0,29.0,24.75432027387757,1.7227867245674129,24.0,0.0,1.0,1.0,0.0,5.31195883231703,43.0,308.0,2022.0,11,N.Brown,DAL,Brown,N.Brown_DAL_10,Noah Brown,63.0,DAL,32.5313871089527,33.76249012244207,202.5749407346524,183.0,30.5,6.0,0,0,0,0,1,0
69,0,10.0,6.0,3.0,13.0,-7.0,31.104257601326626,4.651993036270143,24.0,0.0,1.0,1.0,24.0,30.10666859094631,43.0,308.0,2022.0,11,T.Pollard,DAL,Pollard,T.Pollard_DAL_10,Tony Pollard,72.0,DAL,12.339588987139972,12.92971268982515,77.5782761389509,65.0,10.833333333333334,6.0,0,0,1,0,0,0
70,0,10.0,0.0,0.0,0.0,0.0,0.0,0.0,0.0,0.0,0.0,0.0,0.0,0.0,0.0,0.0,0.0,11,J.Ferguson,DAL,Ferguson,J.Ferguson_DAL_10,Jake Ferguson,26.0,DAL,3.5537518839086735,9.936695709311548,59.62017425586929,55.0,9.166666666666666,6.0,0,0,0,1,0,0
71,0,10.0,0.0,0.0,0.0,0.0,0.0,0.0,0.0,0.0,0.0,0.0,0.0,0.0,0.0,0.0,0.0,11,J.Tolbert,DAL,Tolbert,J.Tolbert_DAL_10,Jalen Tolbert,8.0,DAL,0.0,2.922471283218751,14.612356416093755,4.0,0.8,5.0,0,0,0,0,1,0
72,0,10.0,0.0,0.0,0.0,0.0,0.0,0.0,0.0,0.0,0.0,0.0,0.0,0.0,0.0,0.0,0.0,11,P.Hendershot,DAL,Hendershot,P.Hendershot_DAL_10,Peyton Hendershot,17.0,DAL,3.5043962698845714,10.237302685030883,61.4238161101853,42.0,7.0,6.0,0,0,0,1,0,0
73,0,10.0,7.0,4.0,35.0,74.0,59.064255213601314,4.35891106724739,24.0,0.0,0.0,0.0,14.0,22.65850875638717,43.0,308.0,2022.0,11,M.Gallup,DAL,Gallup,M.Gallup_DAL_10,Michael Gallup,69.0,DAL,37.866013865642216,35.47983390118163,212.87900340708978,170.0,28.333333333333332,6.0,0,0,0,0,1,0
74,0,10.0,2.0,1.0,1.0,-2.0,11.200039709153806,1.677463412284851,24.0,0.0,0.0,0.0,0.0,5.58651545894099,43.0,308.0,2022.0,11,S.McKeon,DAL,McKeon,S.McKeon_DAL_10,Sean McKeon,9.0,DAL,0.0,3.3164880287898058,16.58244014394903,11.0,2.2,5.0,0,0,0,1,0,0
75,0,10.0,0.0,0.0,0.0,0.0,0.0,0.0,0.0,0.0,0.0,0.0,0.0,0.0,0.0,0.0,0.0,11,M.Davis,DAL,Davis,M.Davis_DAL_10,Malik Davis,11.0,DAL,,,,,,2.0,0,0,1,0,0,0
76,0,10.0,1.0,1.0,9.0,4.0,6.760736486069017,0.806674659252167,24.0,0.0,0.0,1.0,5.0,4.64578609298769,43.0,308.0,2022.0,11,K.Turpin,DAL,Turpin,K.Turpin_DAL_10,KaVontae Turpin,2.0,DAL,0.0,1.126789414344836,6.760736486069017,9.0,1.5,6.0,0,0,0,0,1,0
77,0,10.0,11.0,6.0,66.0,120.0,81.94827313107764,6.42511221766472,18.75,0.0,2.0,1.0,8.0,23.81593872597296,39.0,396.0,2022.0,11,C.Sutton,DEN,Sutton,C.Sutton_DEN_10,Courtland Sutton,74.0,DEN,63.05016001467942,56.42320264476144,338.53921586856865,242.0,40.333333333333336,6.0,0,0,0,0,1,0
78,0,10.0,0.0,0.0,0.0,0.0,0.0,0.0,0.0,0.0,0.0,0.0,0.0,0.0,0.0,0.0,0.0,11,J.Jeudy,DEN,Jeudy,J.Jeudy_DEN_10,Jerry Jeudy,1.0,DEN,55.32617587128085,47.88303789861468,287.2982273916881,319.0,53.166666666666664,6.0,0,0,0,0,1,0
79,0,10.0,6.0,4.0,46.0,8.0,29.07131993019218,4.4262984693050385,18.75,0.0,2.0,2.0,40.0,23.87252896376594,39.0,396.0,2022.0,11,M.Gordon,DEN,Gordon,M.Gordon_DEN_10,Melvin Gordon,43.0,DEN,19.349966077178884,14.961553254000691,89.76931952400415,135.0,22.5,6.0,0,0,1,0,0,0
80,0,10.0,1.0,1.0,12.0,-1.0,5.768618668903028,0.885501027107239,18.75,0.0,0.0,0.0,13.0,8.4405300512517,39.0,396.0,2022.0,11,E.Saubert,DEN,Saubert,E.Saubert_DEN_10,Eric Saubert,15.0,DEN,2.884309334451514,11.288921516727656,67.73352910036594,73.0,12.166666666666666,6.0,0,0,0,1,0,0
81,0,10.0,5.0,4.0,62.0,42.0,34.843183379712016,3.345969051122665,18.75,0.0,2.0,1.0,37.0,27.24250584714174,39.0,396.0,2022.0,11,K.Hinton,DEN,Hinton,K.Hinton_DEN_10,Kendall Hinton,77.0,DEN,9.442658992354566,14.872177922610689,89.23306753566413,150.0,25.0,6.0,0,0,0,0,1,0
82,0,10.0,0.0,0.0,0.0,0.0,0.0,0.0,0.0,0.0,0.0,0.0,0.0,0.0,0.0,0.0,0.0,11,T.Cleveland,DEN,Cleveland,T.Cleveland_DEN_10,Tyrie Cleveland,27.0,DEN,0.0,5.1785462248953635,20.714184899581454,28.0,7.0,4.0,0,0,0,0,1,0
83,0,10.0,0.0,0.0,0.0,0.0,0.0,0.0,0.0,0.0,0.0,0.0,0.0,0.0,0.0,0.0,0.0,11,M.Washington,DEN,Washington,M.Washington_DEN_10,Montrell Washington,7.0,DEN,2.604292625852088,2.8772647461992586,17.26358847719555,5.0,0.8333333333333334,6.0,0,0,0,0,1,0
85,0,10.0,0.0,0.0,0.0,0.0,0.0,0.0,0.0,0.0,0.0,0.0,0.0,0.0,0.0,0.0,0.0,11,E.Tomlinson,DEN,Tomlinson,E.Tomlinson_DEN_10,Eric Tomlinson,21.0,DEN,0.0,3.7208609682688816,22.32516580961329,37.0,6.166666666666667,6.0,0,0,0,1,0,0
86,0,10.0,4.0,1.0,11.0,59.0,41.06515174040905,2.6019359827041617,18.75,0.0,0.0,4.0,5.0,4.29321432759025,39.0,396.0,2022.0,11,G.Dulcich,DEN,Dulcich,G.Dulcich_DEN_10,Greg Dulcich,71.0,DEN,40.37822665062893,40.35952808984749,161.43811235938995,193.0,48.25,4.0,0,0,0,1,0,0
87,0,10.0,3.0,3.0,23.0,-6.0,15.737425827608423,2.592074990272522,18.75,0.0,0.0,0.0,29.0,26.61974900739737,39.0,396.0,2022.0,11,L.Murray,DEN,Murray,L.Murray_DEN_10,Latavius Murray,25.0,DEN,13.296797197361563,11.923533423767196,47.694133695068786,33.0,8.25,4.0,0,0,1,0,0,0
88,0,10.0,2.0,1.0,0.0,-5.0,9.992296603571356,1.613089084625245,18.75,0.0,0.0,0.0,5.0,10.6553846637398,39.0,396.0,2022.0,11,C.Edmonds,DEN,Edmonds,C.Edmonds_DEN_10,Chase Edmonds,15.0,DEN,,,,,,1.0,0,0,1,0,0,0
89,0,10.0,1.0,1.0,66.0,26.0,11.218691506153737,0.355482399463654,18.75,0.0,0.0,0.0,40.0,7.28691084001912,39.0,396.0,2022.0,11,J.Virgil,DEN,Virgil,J.Virgil_DEN_10,Jalen Virgil,24.0,DEN,,,,,,1.0,0,0,0,0,1,0
90,0,10.0,11.0,10.0,119.0,55.0,76.60308057564464,8.014863073825838,22.75,0.0,0.0,3.0,77.0,58.110337078767785,25.0,129.0,2022.0,11,A.St. Brown,DET,St. Brown,A.St. Brown_DET_10,Amon-Ra St. Brown,50.0,DET,68.74308508572729,55.12991948724211,330.77951692345266,338.0,56.333333333333336,6.0,0,0,0,0,1,0
91,0,10.0,3.0,1.0,6.0,-3.0,16.64347474478962,2.406170070171357,22.75,0.0,0.0,0.0,12.0,11.4226238912888,25.0,129.0,2022.0,11,D.Swift,DET,Swift,D.Swift_DET_10,D'Andre Swift,19.0,DET,22.625167740869653,21.50223212153584,129.01339272921504,150.0,25.0,6.0,0,0,1,0,0,0
92,0,10.0,0.0,0.0,0.0,0.0,0.0,0.0,0.0,0.0,0.0,0.0,0.0,0.0,0.0,0.0,0.0,11,Ja.Williams,DET,Williams,J.Williams_DET_10,Jamaal Williams,25.0,DET,2.7709491586978228,8.194114889336412,49.16468933601847,28.0,4.666666666666667,6.0,0,0,1,0,0,0
93,0,10.0,1.0,1.0,2.0,2.0,1.1883245371227196,0.537858009338379,22.75,1.0,0.0,0.0,0.0,0.0,25.0,129.0,2022.0,11,B.Wright,DET,Wright,B.Wright_DET_10,Brock Wright,46.0,DET,0.5941622685613598,4.928407301402211,29.570443808413263,65.0,10.833333333333334,6.0,0,0,0,1,0,0
94,0,10.0,3.0,3.0,47.0,30.0,26.2147223869439,1.9982366561889648,22.75,0.0,0.0,1.0,17.0,13.37039651194936,25.0,129.0,2022.0,11,K.Raymond,DET,Raymond,K.Raymond_DET_10,Kalif Raymond,51.0,DET,40.736744568633874,39.726830751253765,238.36098450752257,298.0,49.666666666666664,6.0,0,0,0,0,1,0
96,1,10.0,3.0,2.0,14.0,2.0,16.595000810233508,2.414151132106782,22.75,0.0,0.0,0.0,9.0,8.95641405860079,25.0,129.0,2022.0,11,J.Jackson,DET,Jackson,J.Jackson_DET_10,Justin Jackson,17.0,DET,0.0,5.531666936744503,33.190001620467015,28.0,4.666666666666667,6.0,1,0,1,0,0,0
97,0,10.0,2.0,1.0,44.0,21.0,18.93463161926858,1.339466273784637,22.75,0.0,0.0,1.0,31.0,4.71839525707765,25.0,129.0,2022.0,11,T.Kennedy,DET,Kennedy,T.Kennedy_DET_10,Tom Kennedy,38.0,DET,20.923270802329963,21.432420052708444,107.16210026354223,128.0,25.6,5.0,0,0,0,0,1,0
99,0,10.0,1.0,1.0,4.0,4.0,6.063514690623247,0.769695281982422,22.75,0.0,0.0,0.0,0.0,4.17517341757775,25.0,129.0,2022.0,11,J.Mitchell,DET,Mitchell,J.Mitchell_DET_10,James Mitchell,15.0,DET,2.3261179422728393,3.0250184559207587,18.150110735524553,26.0,4.333333333333333,6.0,0,0,0,1,0,0
100,0,10.0,0.0,0.0,0.0,0.0,0.0,0.0,0.0,0.0,0.0,0.0,0.0,0.0,0.0,0.0,0.0,11,S.Zylstra,DET,Zylstra,S.Zylstra_DET_10,Shane Zylstra,16.0,DET,0.0,0.1878904802592141,0.9394524012960704,1.0,0.2,5.0,0,0,0,1,0,0
101,0,10.0,0.0,0.0,0.0,0.0,0.0,0.0,0.0,0.0,0.0,0.0,0.0,0.0,0.0,0.0,0.0,11,A.Dillon,GB,Dillon,A.Dillon_GB_10,AJ Dillon,24.0,GB,2.494592827409844,11.46693021278908,68.80158127673448,30.0,5.0,6.0,0,0,1,0,0,0
102,0,10.0,2.0,2.0,18.0,0.0,10.317772463386685,1.4904675483703609,20.5,0.0,0.0,0.0,18.0,13.99651646026905,19.0,223.0,2022.0,11,A.Jones,GB,Jones,A.Jones_GB_10,Aaron Jones,45.0,GB,18.648424254275156,23.440427552305987,140.64256531383592,147.0,24.5,6.0,0,0,1,0,0,0
103,0,10.0,8.0,4.0,107.0,164.0,73.67235852303078,3.849942415952683,20.5,1.0,0.0,2.0,26.0,16.79618362402835,19.0,223.0,2022.0,11,C.Watson,GB,Watson,C.Watson_GB_10,Christian Watson,54.0,GB,16.39213229783214,23.61873557354666,141.71241344127998,161.0,26.833333333333332,6.0,0,0,0,0,1,0
104,0,10.0,0.0,0.0,0.0,0.0,0.0,0.0,0.0,0.0,0.0,0.0,0.0,0.0,0.0,0.0,0.0,11,J.Deguara,GB,Deguara,J.Deguara_GB_10,Josiah Deguara,13.0,GB,4.400343191852784,10.386123952098503,62.31674371259102,78.0,13.0,6.0,0,0,0,1,0,0
105,0,10.0,1.0,1.0,8.0,7.0,6.8836475058428865,0.72456955909729,20.5,0.0,0.0,0.0,1.0,3.5847324861752,19.0,223.0,2022.0,11,R.Tonyan,GB,Tonyan,R.Tonyan_GB_10,Robert Tonyan,41.0,GB,33.21914263498047,37.83601723524559,227.01610341147355,211.0,35.166666666666664,6.0,0,0,0,1,0,0
106,0,10.0,3.0,3.0,47.0,46.0,32.75177832598524,1.803316056728363,20.5,0.0,0.0,2.0,1.0,11.6680521092203,19.0,223.0,2022.0,11,S.Watkins,GB,Watkins,S.Watkins_GB_10,Sammy Watkins,21.0,GB,26.861434414264878,28.671693619547554,172.03016171728532,206.0,34.333333333333336,6.0,0,0,0,0,1,0
107,0,10.0,0.0,0.0,0.0,0.0,0.0,0.0,0.0,0.0,0.0,0.0,0.0,0.0,0.0,0.0,0.0,11,T.Davis,GB,Davis,T.Davis_GB_10,Tyler Davis,4.0,GB,0.0,2.4012114470731305,14.407268682438783,-3.0,-0.5,6.0,0,0,0,1,0,0
108,0,10.0,4.0,3.0,45.0,7.0,25.536224067432975,3.211158573627472,20.5,0.0,0.0,1.0,44.0,23.69894993352501,19.0,223.0,2022.0,11,A.Lazard,GB,Lazard,A.Lazard_GB_10,Allen Lazard,63.0,GB,76.14871363846945,67.06116742849625,402.3670045709775,414.0,69.0,6.0,0,0,0,0,1,0
109,0,10.0,1.0,1.0,-1.0,-1.0,5.120314992739366,0.822397172451019,20.5,0.0,0.0,1.0,0.0,8.03190750180511,19.0,223.0,2022.0,11,M.Lewis,GB,Lewis,M.Lewis_GB_10,Marcedes Lewis,37.0,GB,0.6402104275220052,2.5430314883763274,15.258188930257965,20.0,3.3333333333333335,6.0,0,0,0,1,0,0
111,1,10.0,0.0,0.0,0.0,0.0,0.0,0.0,0.0,0.0,0.0,0.0,0.0,0.0,0.0,0.0,0.0,11,Am.Rodgers,GB,Rodgers,A.Rodgers_GB_10,Amari Rodgers,6.0,GB,0.0,7.061705346951189,42.37023208170713,44.0,7.333333333333333,6.0,1,0,0,0,1,0
112,0,10.0,0.0,0.0,0.0,0.0,0.0,0.0,0.0,0.0,0.0,0.0,0.0,0.0,0.0,0.0,0.0,11,S.Toure,GB,Toure,S.Toure_GB_10,Samori Toure,12.0,GB,21.86871884740095,23.1164518668593,92.4658074674372,75.0,18.75,4.0,0,0,0,0,1,0
113,0,10.0,7.0,4.0,37.0,64.0,50.58743515339062,4.605698019266129,18.0,0.0,1.0,0.0,8.0,22.16870904967801,37.0,287.0,2022.0,11,B.Cooks,HOU,Cooks,B.Cooks_HOU_10,Brandin Cooks,41.0,HOU,47.67538780336542,44.66896450199051,268.01378701194307,255.0,42.5,6.0,0,0,0,0,1,0
114,0,10.0,6.0,3.0,70.0,78.0,46.331074005842154,3.330688029527664,18.0,0.0,2.0,1.0,37.0,20.529996891702467,37.0,287.0,2022.0,11,C.Moore,HOU,Moore,C.Moore_HOU_10,Chris Moore,34.0,HOU,24.87393989791872,20.901255339293318,125.40753203575991,196.0,32.666666666666664,6.0,0,0,0,0,1,0
115,0,10.0,3.0,2.0,28.0,-17.0,11.028380354012102,2.1026059687137604,18.0,0.0,1.0,1.0,35.0,19.58996499943897,37.0,287.0,2022.0,11,D.Pierce,HOU,Pierce,D.Pierce_HOU_10,Dameon Pierce,46.0,HOU,22.344386031084657,19.28762544007526,115.72575264045156,91.0,15.166666666666666,6.0,0,0,1,0,0,0
116,0,10.0,10.0,5.0,49.0,90.0,58.34358301535597,5.9112173914909345,18.0,0.0,1.0,0.0,12.0,14.52842820536171,37.0,287.0,2022.0,11,N.Collins,HOU,Collins,N.Collins_HOU_10,Nico Collins,50.0,HOU,53.8068909190045,49.38292456827265,296.2975474096359,328.0,54.666666666666664,6.0,0,0,0,0,1,0
117,0,10.0,0.0,0.0,0.0,0.0,0.0,0.0,0.0,0.0,0.0,0.0,0.0,0.0,0.0,0.0,0.0,11,O.Howard,HOU,Howard,O.Howard_HOU_10,O.J. Howard,33.0,HOU,6.864792917369623,14.037258786052268,84.2235527163136,65.0,10.833333333333334,6.0,0,0,0,1,0,0
118,0,10.0,2.0,2.0,28.0,0.0,11.353772576052918,1.66449511051178,18.0,0.0,0.0,1.0,28.0,14.893378429762379,37.0,287.0,2022.0,11,R.Burkhead,HOU,Burkhead,R.Burkhead_HOU_10,Rex Burkhead,16.0,HOU,13.441115761094299,16.302666920609713,97.81600152365827,99.0,16.5,6.0,0,0,1,0,0,0
119,0,10.0,0.0,0.0,0.0,0.0,0.0,0.0,0.0,0.0,0.0,0.0,0.0,0.0,0.0,0.0,0.0,11,T.Hairston,HOU,Hairston,T.Hairston_HOU_10,Troy Hairston,8.0,HOU,0.0,1.8045280085682938,10.827168051409762,7.0,1.1666666666666667,6.0,0,1,0,0,0,0
120,0,10.0,3.0,3.0,72.0,11.0,21.046415500809395,2.306484699249267,18.0,0.0,0.0,1.0,61.0,20.7995020549497,37.0,287.0,2022.0,11,J.Akins,HOU,Akins,J.Akins_HOU_10,Jordan Akins,33.0,HOU,12.876379213204757,13.889603082688511,83.33761849613107,200.0,33.333333333333336,6.0,0,0,0,1,0,0
121,0,10.0,4.0,2.0,22.0,56.0,28.72115420832752,2.249944061040879,18.0,0.0,1.0,0.0,6.0,11.647975063533519,37.0,287.0,2022.0,11,P.Dorsett,HOU,Dorsett,P.Dorsett_HOU_10,Phillip Dorsett,28.0,HOU,25.606338029085304,21.841046341688184,131.0462780501291,142.0,23.666666666666668,6.0,0,0,0,0,1,0
122,0,10.0,1.0,1.0,13.0,3.0,5.9107309206900736,0.77625036239624,18.0,0.0,0.0,1.0,10.0,5.25568916620978,37.0,287.0,2022.0,11,D.Ogunbowale,HOU,Ogunbowale,D.Ogunbowale_HOU_10,Dare Ogunbowale,4.0,HOU,5.232654346905494,9.683613925740032,48.41806962870016,67.0,13.4,5.0,0,0,1,0,0,0
123,0,10.0,0.0,0.0,0.0,0.0,0.0,0.0,0.0,0.0,0.0,0.0,0.0,0.0,0.0,0.0,0.0,11,T.Quitoriano,HOU,Quitoriano,T.Quitoriano_HOU_10,Teagan Quitoriano,27.0,HOU,,,,,,2.0,0,0,0,1,0,0
124,0,10.0,0.0,0.0,0.0,0.0,0.0,0.0,0.0,0.0,0.0,0.0,0.0,0.0,0.0,0.0,0.0,11,A.Dulin,IND,Dulin,A.Dulin_IND_10,Ashton Dulin,20.0,IND,15.32205543126614,25.65930469948808,153.95582819692848,168.0,28.0,6.0,0,0,0,0,1,0
125,0,10.0,2.0,2.0,16.0,-7.0,7.499319014408487,1.749465525150299,18.25,1.0,0.0,0.0,23.0,15.979431990039341,27.0,170.0,2022.0,11,J.Taylor,IND,Taylor,J.Taylor_IND_10,Jonathan Taylor,61.0,IND,11.938077580533385,16.233251404099573,97.39950842459744,73.0,12.166666666666666,6.0,0,0,1,0,0,0
126,0,10.0,4.0,4.0,57.0,28.0,30.611517088903284,3.137442648410797,18.25,0.0,0.0,2.0,29.0,16.37878074664332,27.0,170.0,2022.0,11,K.Granson,IND,Granson,K.Granson_IND_10,Kylen Granson,30.0,IND,20.12509557960012,17.72576038803044,106.35456232818264,128.0,21.333333333333332,6.0,0,0,0,1,0,0
127,0,10.0,0.0,0.0,0.0,0.0,0.0,0.0,0.0,0.0,0.0,0.0,0.0,0.0,0.0,0.0,0.0,11,M.Alie-Cox,IND,Alie-Cox,M.Alie-Cox_IND_10,Mo Alie-Cox,40.0,IND,0.0,3.072430623427147,18.434583740562882,20.0,3.3333333333333335,6.0,0,0,0,1,0,0
128,0,10.0,9.0,7.0,53.0,72.0,65.19314014717195,6.532057017087936,18.25,0.0,0.0,2.0,8.0,27.94260049943113,27.0,170.0,2022.0,11,M.Pittman,IND,Pittman,M.Pittman_IND_10,Michael Pittman,63.0,IND,63.09845767043667,67.11169961473847,402.6701976884308,379.0,63.166666666666664,6.0,0,0,0,0,1,0
129,0,10.0,9.0,7.0,76.0,30.0,56.064543087346266,7.122309923171998,18.25,0.0,0.0,3.0,46.0,36.15653487073725,27.0,170.0,2022.0,11,P.Campbell,IND,Campbell,P.Campbell_IND_10,Parris Campbell,52.0,IND,46.080053798166475,42.95228546851132,257.7137128110679,283.0,47.166666666666664,6.0,0,0,0,0,1,0
130,0,10.0,0.0,0.0,0.0,0.0,0.0,0.0,0.0,0.0,0.0,0.0,0.0,0.0,0.0,0.0,0.0,11,A.Pierce,IND,Pierce,A.Pierce_IND_10,Alec Pierce,42.0,IND,42.02714723943271,36.18002695027206,217.08016170163233,255.0,42.5,6.0,0,0,0,0,1,0
131,0,10.0,0.0,0.0,0.0,0.0,0.0,0.0,0.0,0.0,0.0,0.0,0.0,0.0,0.0,0.0,0.0,11,J.Wilkins,IND,Wilkins,J.Wilkins_IND_10,Jordan Wilkins,3.0,IND,,,,,,2.0,0,0,1,0,0,0
132,0,10.0,1.0,1.0,20.0,12.0,11.152504575575998,0.736865758895874,18.25,0.0,0.0,1.0,8.0,4.3066961314762,27.0,170.0,2022.0,11,K.Coutee,IND,Coutee,K.Coutee_IND_10,Keke Coutee,1.0,IND,,,,,,2.0,0,0,0,0,1,0
133,0,10.0,12.0,9.0,105.0,101.0,83.4959523207424,7.719188570976257,20.75,1.0,0.0,1.0,27.0,28.56636367054307,39.0,279.0,2022.0,11,C.Kirk,JAX,Kirk,C.Kirk_JAX_10,Christian Kirk,59.0,JAX,55.03435028939163,56.599323701309594,339.59594220785755,337.0,56.166666666666664,6.0,0,0,0,0,1,0
134,0,10.0,4.0,3.0,14.0,30.0,28.682296620286486,2.735770732164383,20.75,0.0,0.0,0.0,12.0,19.40213228013453,39.0,279.0,2022.0,11,E.Engram,JAX,Engram,E.Engram_JAX_10,Evan Engram,56.0,JAX,39.06526697160869,44.4298128510758,266.5788771064548,253.0,42.166666666666664,6.0,0,0,0,1,0,0
135,0,10.0,4.0,3.0,4.0,5.0,24.534694313408792,3.1685189604759207,20.75,0.0,0.0,0.0,11.0,26.246822376524513,39.0,279.0,2022.0,11,J.Agnew,JAX,Agnew,J.Agnew_JAX_10,Jamal Agnew,7.0,JAX,6.55249984208973,12.671640641382368,76.0298438482942,76.0,12.666666666666666,6.0,0,0,0,0,1,0
136,0,10.0,3.0,1.0,33.0,74.0,28.040990829727107,1.015777856111526,20.75,0.0,0.0,0.0,4.0,6.93506084941328,39.0,279.0,2022.0,11,M.Jones,JAX,Jones,M.Jones_JAX_10,Marvin Jones,44.0,JAX,38.41739988524823,44.96152748172719,269.76916489036313,248.0,41.333333333333336,6.0,0,0,0,0,1,0
137,0,10.0,3.0,3.0,28.0,-14.0,15.090533253625624,2.6085156202316293,20.75,0.0,0.0,0.0,42.0,31.21237203865174,39.0,279.0,2022.0,11,T.Etienne,JAX,Etienne,T.Etienne_JAX_10,Travis Etienne,50.0,JAX,15.130305701931272,18.13898513410335,108.8339108046201,119.0,19.833333333333332,6.0,0,0,1,0,0,0
138,0,10.0,10.0,8.0,68.0,86.0,70.05376509540885,6.742892384529113,20.75,1.0,0.0,1.0,21.0,32.14307322612149,39.0,279.0,2022.0,11,Z.Jones,JAX,Jones,Z.Jones_JAX_10,Zay Jones,60.0,JAX,55.3284040967939,53.1907974824862,319.14478489491717,255.0,42.5,6.0,0,0,0,0,1,0
139,0,10.0,1.0,1.0,8.0,5.0,7.04386045321632,0.804533541202545,20.75,0.0,0.0,1.0,3.0,4.38025312231912,39.0,279.0,2022.0,11,D.Arnold,JAX,Arnold,D.Arnold_JAX_10,Dan Arnold,6.0,JAX,6.438274956364321,7.117795899618444,42.706775397710665,79.0,13.166666666666666,6.0,0,0,0,1,0,0
140,0,10.0,0.0,0.0,0.0,0.0,0.0,0.0,0.0,0.0,0.0,0.0,0.0,0.0,0.0,0.0,0.0,11,C.Manhertz,JAX,Manhertz,C.Manhertz_JAX_10,Chris Manhertz,17.0,JAX,2.785121106040893,5.244588842149625,31.46753305289775,21.0,3.5,6.0,0,0,0,1,0,0
141,0,10.0,2.0,1.0,-1.0,-8.0,9.911523221041794,1.678059875965118,20.75,0.0,0.0,1.0,1.0,8.79604850246687,39.0,279.0,2022.0,11,J.Hasty,JAX,Hasty,J.Hasty_JAX_10,Jamycal Hasty,14.0,JAX,2.8259256331280835,6.119754298549061,36.71852579129437,1.0,0.16666666666666666,6.0,0,0,1,0,0,0
142,0,10.0,0.0,0.0,0.0,0.0,0.0,0.0,0.0,0.0,0.0,0.0,0.0,0.0,0.0,0.0,0.0,11,L.Farrell,JAX,Farrell,L.Farrell_JAX_10,Luke Farrell,2.0,JAX,0.0,1.8126714580223477,10.876028748134086,26.0,4.333333333333333,6.0,0,0,0,1,0,0
143,0,10.0,0.0,0.0,0.0,0.0,0.0,0.0,0.0,0.0,0.0,0.0,0.0,0.0,0.0,0.0,0.0,11,T.Jones,JAX,Jones,T.Jones_JAX_10,Tim Jones,5.0,JAX,0.0,1.9720328660894986,11.832197196536992,27.0,4.5,6.0,0,0,0,0,1,0
144,0,10.0,0.0,0.0,0.0,0.0,0.0,0.0,0.0,0.0,0.0,0.0,0.0,0.0,0.0,0.0,0.0,11,C.Edwards-Helaire,KC,Edwards-Helaire,C.Edwards-Helaire_KC_10,Clyde Edwards-Helaire,4.0,KC,3.4791043693016857,7.610430209974763,45.66258125984858,36.0,6.0,6.0,0,0,1,0,0,0
145,0,10.0,1.0,1.0,6.0,1.0,5.861954534991477,0.809767007827759,30.75,0.0,0.0,0.0,5.0,5.94139887735946,35.0,258.0,2022.0,11,J.Fortson,KC,Fortson,J.Fortson_KC_10,Jody Fortson,7.0,KC,2.0960910032113143,4.30410318140395,25.824619088423702,24.0,4.0,6.0,0,0,0,1,0,0
146,0,10.0,8.0,6.0,56.0,27.0,57.436870154539896,6.030516684055328,30.75,0.0,1.0,3.0,44.0,39.15940075121759,35.0,258.0,2022.0,11,J.McKinnon,KC,McKinnon,J.McKinnon_KC_10,Jerick McKinnon,24.0,KC,19.02999131860583,26.677290685775503,160.06374411465302,181.0,30.166666666666668,6.0,0,0,1,0,0,0
147,0,10.0,4.0,2.0,33.0,46.0,33.19968526678121,2.263917893171311,30.75,0.0,1.0,2.0,3.0,9.39345003231575,35.0,258.0,2022.0,11,J.Smith-Schuster,KC,Smith-Schuster,J.Smith-Schuster_KC_10,JuJu Smith-Schuster,24.0,KC,50.76870804875276,54.78733150741524,328.7239890444914,437.0,72.83333333333333,6.0,0,0,0,0,1,0
148,0,10.0,4.0,3.0,60.0,70.0,36.855336654688884,1.969723820686339,30.75,0.0,1.0,0.0,4.0,11.82513954452588,35.0,258.0,2022.0,11,M.Valdes-Scantling,KC,Valdes-Scantling,M.Valdes-Scantling_KC_10,Marquez Valdes-Scantling,53.0,KC,39.72068471911818,37.22514844760092,223.35089068560555,336.0,56.0,6.0,0,0,0,0,1,0
149,0,10.0,2.0,2.0,20.0,15.0,9.833525402487133,0.9530854523181911,30.75,0.0,1.0,0.0,5.0,5.38143343768752,35.0,258.0,2022.0,11,N.Gray,KC,Gray,N.Gray_KC_10,Noah Gray,29.0,KC,11.803012238593457,13.9515194690388,83.7091168142328,95.0,15.833333333333334,6.0,0,0,0,1,0,0
150,0,10.0,1.0,1.0,6.0,3.0,6.538648733064038,0.779665768146515,30.75,0.0,0.0,0.0,3.0,4.71667149768473,35.0,258.0,2022.0,11,S.Moore,KC,Moore,S.Moore_KC_10,Skyy Moore,16.0,KC,11.393947937690367,13.317804048405186,79.90682429043112,76.0,12.666666666666666,6.0,0,0,0,0,1,0
151,0,10.0,7.0,6.0,81.0,48.0,58.43265196381429,4.971715033054352,30.75,1.0,0.0,2.0,39.0,25.260918628737265,35.0,258.0,2022.0,11,T.Kelce,KC,Kelce,T.Kelce_KC_10,Travis Kelce,46.0,KC,64.40845502336174,74.30914972166954,445.85489833001725,510.0,85.0,6.0,0,0,0,1,0,0
152,0,10.0,1.0,1.0,12.0,12.0,9.617628397436748,0.644663989543915,30.75,0.0,0.0,0.0,0.0,3.73892909358256,35.0,258.0,2022.0,11,Ju.Watson,KC,Watson,J.Watson_KC_10,Justin Watson,46.0,KC,7.674998096377118,12.249036347548264,73.49421808528959,63.0,10.5,6.0,0,0,0,0,1,0
153,0,10.0,0.0,0.0,0.0,0.0,0.0,0.0,0.0,0.0,0.0,0.0,0.0,0.0,0.0,0.0,0.0,11,M.Burton,KC,Burton,M.Burton_KC_10,Michael Burton,2.0,KC,0.0,1.1622029449515494,6.973217669709297,9.0,1.5,6.0,0,1,0,0,0,0
154,0,10.0,0.0,0.0,0.0,0.0,0.0,0.0,0.0,0.0,0.0,0.0,0.0,0.0,0.0,0.0,0.0,11,I.Pacheco,KC,Pacheco,I.Pacheco_KC_10,Isiah Pacheco,35.0,KC,0.0,2.829811856969625,16.97887114181775,13.0,2.1666666666666665,6.0,0,0,1,0,0,0
155,0,10.0,5.0,4.0,57.0,35.0,35.25214358043546,3.49672618508339,30.75,1.0,0.0,0.0,31.0,17.67571234782372,35.0,258.0,2022.0,11,K.Toney,KC,Toney,K.Toney_KC_10,Kadarius Toney,28.0,KC,,,,,,2.0,0,0,0,0,1,0
156,0,10.0,6.0,4.0,44.0,64.0,49.58251812844435,3.969567686319352,20.75,0.0,1.0,1.0,6.0,14.05186759115167,37.0,244.0,2022.0,11,Al.Robinson,LA,Robinson,A.Robinson_LA_10,Allen Robinson,55.0,LA,44.50833250378802,41.45663182086931,248.73979092521586,204.0,34.0,6.0,0,0,0,0,1,0
157,0,10.0,0.0,0.0,0.0,0.0,0.0,0.0,0.0,0.0,0.0,0.0,0.0,0.0,0.0,0.0,0.0,11,B.Powell,LA,Powell,B.Powell_LA_10,Brandon Powell,5.0,LA,0.0,5.416428855208469,32.498573131250815,31.0,5.166666666666667,6.0,0,0,0,0,1,0
158,0,10.0,7.0,2.0,14.0,50.0,49.94761265869771,4.892009615898132,20.75,0.0,2.0,2.0,8.0,9.980504284161729,37.0,244.0,2022.0,11,B.Skowronek,LA,Skowronek,B.Skowronek_LA_10,Ben Skowronek,59.0,LA,33.18277533720331,29.080949782132468,174.4856986927948,138.0,23.0,6.0,0,0,0,0,1,0
159,0,10.0,5.0,3.0,-1.0,19.0,34.48777369660185,3.854061186313629,20.75,0.0,1.0,1.0,5.0,27.42911893573182,37.0,244.0,2022.0,11,C.Kupp,LA,Kupp,C.Kupp_LA_10,Cooper Kupp,40.0,LA,70.59363982601437,72.33942287801347,434.0365372680808,532.0,88.66666666666667,6.0,0,0,0,0,1,0
160,0,10.0,1.0,1.0,11.0,2.0,5.616167743652516,0.80903685092926,20.75,0.0,0.0,0.0,9.0,5.6012780888268,37.0,244.0,2022.0,11,D.Henderson,LA,Henderson,D.Henderson_LA_10,Darrell Henderson,34.0,LA,13.734536857928896,14.068088627858616,84.4085317671517,76.0,12.666666666666666,6.0,0,0,1,0,0,0
161,0,10.0,8.0,8.0,73.0,23.0,43.55316856248057,6.053952455520632,20.75,0.0,3.0,2.0,50.0,43.44869685463344,37.0,244.0,2022.0,11,T.Higbee,LA,Higbee,T.Higbee_LA_10,Tyler Higbee,48.0,LA,38.5356521223799,38.36857636308483,230.21145817850896,214.0,35.666666666666664,6.0,0,0,0,1,0,0
162,0,10.0,0.0,0.0,0.0,0.0,0.0,0.0,0.0,0.0,0.0,0.0,0.0,0.0,0.0,0.0,0.0,11,C.Akers,LA,Akers,C.Akers_LA_10,Cam Akers,10.0,LA,0.0,2.760684685330853,16.564108111985117,18.0,3.0,6.0,0,0,1,0,0,0
163,0,10.0,2.0,1.0,11.0,16.0,16.0242915828157,1.502763211727143,20.75,0.0,0.0,1.0,7.0,3.2128936527879,37.0,244.0,2022.0,11,B.Hopkins,LA,Hopkins,B.Hopkins_LA_10,Brycen Hopkins,13.0,LA,0.0,2.6707152638026166,16.0242915828157,11.0,1.8333333333333333,6.0,0,0,0,1,0,0
164,0,10.0,3.0,3.0,30.0,9.0,16.78129052157399,2.023289293050766,20.75,0.0,1.0,1.0,21.0,16.01785205642227,37.0,244.0,2022.0,11,K.Williams,LA,Williams,K.Williams_LA_10,Kyren Williams,16.0,LA,,,,,,1.0,0,0,1,0,0,0
165,0,10.0,3.0,3.0,27.0,23.0,20.862690508009912,1.91236636042595,20.75,1.0,1.0,1.0,4.0,8.501812091955799,37.0,244.0,2022.0,11,V.Jefferson,LA,Jefferson,V.Jefferson_LA_10,Van Jefferson,17.0,LA,0.0,6.954230169336637,20.862690508009912,27.0,9.0,3.0,0,0,0,0,1,0
166,0,10.0,12.0,8.0,39.0,-15.0,55.45955107359271,9.425738811492922,18.5,1.0,2.0,1.0,43.0,51.8807981412028,35.0,197.0,2022.0,11,A.Ekeler,LAC,Ekeler,A.Ekeler_LAC_10,Austin Ekeler,40.0,LAC,47.09132619280996,50.1255564317238,300.7533385903428,281.0,46.833333333333336,6.0,0,0,1,0,0,0
167,0,10.0,4.0,4.0,64.0,49.0,24.645090597923797,2.230595290660859,18.5,0.0,1.0,1.0,15.0,17.59065402639683,35.0,197.0,2022.0,11,D.Carter,LAC,Carter,D.Carter_LAC_10,DeAndre Carter,50.0,LAC,28.385725675754344,32.6746237721004,196.04774263260236,196.0,32.666666666666664,6.0,0,0,0,0,1,0
168,0,10.0,2.0,2.0,23.0,13.0,10.747142635893184,1.1895958483219151,18.5,0.0,1.0,0.0,10.0,9.02227093663533,35.0,197.0,2022.0,11,G.Everett,LAC,Everett,G.Everett_LAC_10,Gerald Everett,10.0,LAC,48.12179267437364,43.417069885507395,260.50241931304436,214.0,35.666666666666664,6.0,0,0,0,1,0,0
169,0,10.0,8.0,3.0,44.0,105.0,63.41351897170607,4.173167556524277,18.5,0.0,2.0,1.0,9.0,11.88369528247131,35.0,197.0,2022.0,11,J.Palmer,LAC,Palmer,J.Palmer_LAC_10,Josh Palmer,55.0,LAC,60.662414498659516,56.336481874566346,338.0188912473981,355.0,59.166666666666664,6.0,0,0,0,0,1,0
170,0,10.0,6.0,3.0,21.0,32.0,32.02828881773268,4.127222448587419,18.5,1.0,0.0,0.0,15.0,18.31624431011732,35.0,197.0,2022.0,11,T.McKitty,LAC,McKitty,T.McKitty_LAC_10,Tre' McKitty,45.0,LAC,0.0,6.411688237378551,38.470129424271306,25.0,4.166666666666667,6.0,0,0,0,1,0,0
171,0,10.0,1.0,1.0,1.0,1.0,5.32742572349755,0.811144948005676,18.5,0.0,0.0,0.0,0.0,5.34054187912261,35.0,197.0,2022.0,11,Z.Horvath,LAC,Horvath,Z.Horvath_LAC_10,Zander Horvath,5.0,LAC,0.0,1.8404202282622368,11.042521369573421,1.0,0.16666666666666666,6.0,0,0,1,0,0,0
172,0,10.0,0.0,0.0,0.0,0.0,0.0,0.0,0.0,0.0,0.0,0.0,0.0,0.0,0.0,0.0,0.0,11,S.Michel,LAC,Michel,S.Michel_LAC_10,Sony Michel,8.0,LAC,8.393679438899484,8.959882313609116,53.7592938816547,38.0,6.333333333333333,6.0,0,0,1,0,0,0
173,0,10.0,0.0,0.0,0.0,0.0,0.0,0.0,0.0,0.0,0.0,0.0,0.0,0.0,0.0,0.0,0.0,11,M.Bandy,LAC,Bandy,M.Bandy_LAC_10,Michael Bandy,49.0,LAC,21.782937590720547,25.096785659092674,150.58071395455605,74.0,12.333333333333334,6.0,0,0,0,0,1,0
175,0,10.0,0.0,0.0,0.0,0.0,0.0,0.0,0.0,0.0,0.0,0.0,0.0,0.0,0.0,0.0,0.0,11,J.Moore,LAC,Moore,J.Moore_LAC_10,Jason Moore,4.0,LAC,0.0,2.3398843176560553,14.039305905936333,5.0,0.8333333333333334,6.0,0,0,0,0,1,0
176,0,10.0,1.0,1.0,4.0,1.0,5.420037969807277,0.787096083164215,18.5,0.0,0.0,0.0,3.0,6.2537625685145,35.0,197.0,2022.0,11,R.Rodgers,LAC,Rodgers,R.Rodgers_LAC_10,Richard Rodgers,13.0,LAC,0.0,0.9033396616345462,5.420037969807277,4.0,0.6666666666666666,6.0,0,0,0,1,0,0
177,0,10.0,14.0,9.0,126.0,119.0,101.79411412687469,9.800111174583435,22.75,1.0,1.0,6.0,72.0,45.03892945472761,38.0,312.0,2022.0,11,D.Adams,LV,Adams,D.Adams_LV_10,Davante Adams,65.0,LV,85.56302238281154,95.91188524378644,575.4713114627186,595.0,99.16666666666667,6.0,0,0,0,0,1,0
178,0,10.0,8.0,6.0,28.0,6.0,46.93197037128781,6.8018546104431135,22.75,0.0,0.0,3.0,22.0,41.29946688374917,38.0,312.0,2022.0,11,J.Jacobs,LV,Jacobs,J.Jacobs_LV_10,Josh Jacobs,55.0,LV,26.563996364554164,29.16657970353253,174.99947822119518,141.0,23.5,6.0,0,0,1,0,0,0
179,0,10.0,0.0,0.0,0.0,0.0,0.0,0.0,0.0,0.0,0.0,0.0,0.0,0.0,0.0,0.0,0.0,11,J.Johnson,LV,Johnson,J.Johnson_LV_10,Jakob Johnson,20.0,LV,0.0,0.965386126814527,5.792316760887162,5.0,0.8333333333333334,6.0,0,1,0,0,0,0
180,0,10.0,6.0,2.0,18.0,140.0,66.40027643921306,3.615562170743943,22.75,0.0,0.0,2.0,8.0,8.509810877651029,38.0,312.0,2022.0,11,M.Hollins,LV,Hollins,M.Hollins_LV_10,Mack Hollins,67.0,LV,46.16574627687576,40.86966732103517,245.21800392621103,176.0,29.333333333333332,6.0,0,0,0,0,1,0
181,0,10.0,4.0,4.0,33.0,2.0,22.008862323544296,3.2476119995117188,22.75,0.0,0.0,1.0,31.0,26.78647631606141,38.0,312.0,2022.0,11,A.Abdullah,LV,Abdullah,A.Abdullah_LV_10,Ameer Abdullah,15.0,LV,14.023845836013379,13.842803381410233,83.0568202884614,99.0,16.5,6.0,0,0,1,0,0,0
182,0,10.0,4.0,3.0,43.0,32.0,20.983440350568877,2.371344864368439,22.75,1.0,1.0,2.0,27.0,9.44194517548749,38.0,312.0,2022.0,11,F.Moreau,LV,Moreau,F.Moreau_LV_10,Foster Moreau,67.0,LV,35.32375454522657,37.412571941065,224.47543164639,218.0,36.333333333333336,6.0,0,0,0,1,0,0
183,0,10.0,0.0,0.0,0.0,0.0,0.0,0.0,0.0,0.0,0.0,0.0,0.0,0.0,0.0,0.0,0.0,11,K.Cole,LV,Cole,K.Cole_LV_10,Keelan Cole,48.0,LV,0.0,14.075584740390292,84.45350844234176,42.0,7.0,6.0,0,0,0,0,1,0
184,0,10.0,0.0,0.0,0.0,0.0,0.0,0.0,0.0,0.0,0.0,0.0,0.0,0.0,0.0,0.0,0.0,11,J.Horsted,LV,Horsted,J.Horsted_LV_10,Jesper Horsted,4.0,LV,0.0,3.1299732651414147,18.77983959084849,19.0,3.1666666666666665,6.0,0,0,0,1,0,0
185,0,10.0,4.0,4.0,45.0,6.0,23.547091518744907,3.126893281936645,26.0,0.0,0.0,0.0,39.0,22.80260321452807,33.0,243.0,2022.0,11,A.Ingold,MIA,Ingold,A.Ingold_MIA_10,Alec Ingold,42.0,MIA,2.9716166728268125,7.0057090771887935,42.03425446313276,60.0,10.0,6.0,0,1,0,0,0,0
186,0,10.0,1.0,1.0,7.0,7.0,7.519564428108453,0.71464467048645,26.0,0.0,0.0,0.0,0.0,3.53439423837699,33.0,243.0,2022.0,11,C.Wilson,MIA,Wilson,C.Wilson_MIA_10,Cedrick Wilson,21.0,MIA,3.7597822140542263,9.401002579496932,56.406015476981594,50.0,8.333333333333334,6.0,0,0,0,0,1,0
187,0,10.0,0.0,0.0,0.0,0.0,0.0,0.0,0.0,0.0,0.0,0.0,0.0,0.0,0.0,0.0,0.0,11,D.Smythe,MIA,Smythe,D.Smythe_MIA_10,Durham Smythe,37.0,MIA,0.0,0.9796587607760601,5.87795256465636,8.0,1.3333333333333333,6.0,0,0,0,1,0,0
188,0,10.0,5.0,4.0,66.0,65.0,53.583800441575534,3.098888099193574,26.0,0.0,0.0,2.0,13.0,18.49731921117928,33.0,243.0,2022.0,11,J.Waddle,MIA,Waddle,J.Waddle_MIA_10,Jaylen Waddle,51.0,MIA,62.45146472055215,63.88081095018123,383.28486570108737,497.0,82.83333333333333,6.0,0,0,0,0,1,0
189,0,10.0,3.0,2.0,31.0,27.0,20.328995117713337,1.775345861911774,26.0,1.0,0.0,0.0,6.0,7.352364310005219,33.0,243.0,2022.0,11,M.Gesicki,MIA,Gesicki,M.Gesicki_MIA_10,Mike Gesicki,32.0,MIA,28.909684672791478,34.044117336620985,204.2647040197259,198.0,33.0,6.0,0,0,0,1,0,0
190,0,10.0,4.0,4.0,22.0,7.0,25.086495280779136,3.261823117733002,26.0,0.0,0.0,1.0,15.0,23.36912693785416,33.0,243.0,2022.0,11,R.Mostert,MIA,Mostert,R.Mostert_MIA_10,Raheem Mostert,19.0,MIA,11.805073396119596,12.984293681174648,77.90576208704789,63.0,10.5,6.0,0,0,1,0,0,0
191,0,10.0,6.0,5.0,44.0,80.0,51.008120347020885,3.6122158765792842,26.0,1.0,0.0,1.0,11.0,17.63638806578091,33.0,243.0,2022.0,11,T.Hill,MIA,Hill,T.Hill_MIA_10,Tyreek Hill,49.0,MIA,104.31412362960546,100.60755264246141,603.6453158547685,671.0,111.83333333333333,6.0,0,0,0,0,1,0
192,0,10.0,5.0,4.0,63.0,50.0,43.64312077913125,3.342952400445939,26.0,0.0,0.0,2.0,17.0,14.59632288213469,33.0,243.0,2022.0,11,T.Sherfield,MIA,Sherfield,T.Sherfield_MIA_10,Trent Sherfield,45.0,MIA,25.598078076604104,25.39555142080165,152.3733085248099,170.0,28.333333333333332,6.0,0,0,0,0,1,0
193,0,10.0,5.0,2.0,24.0,1.0,31.671722568740055,4.095688402652741,26.0,0.0,0.0,1.0,25.0,15.638958673815111,33.0,243.0,2022.0,11,J.Wilson,MIA,Wilson,J.Wilson_MIA_10,Jeff Wilson,42.0,MIA,,,,,,2.0,0,0,1,0,0,0
194,0,10.0,7.0,5.0,49.0,71.0,53.43657394885684,4.2753602266311646,20.25,0.0,0.0,2.0,11.0,27.00000113789429,50.0,430.0,2022.0,11,A.Thielen,MIN,Thielen,A.Thielen_MIN_10,Adam Thielen,78.0,MIN,61.41933069605567,60.955312325744245,365.73187395446547,318.0,53.0,6.0,0,0,0,0,1,0
195,0,10.0,0.0,0.0,0.0,0.0,0.0,0.0,0.0,0.0,0.0,0.0,0.0,0.0,0.0,0.0,0.0,11,C.Ham,MIN,Ham,C.Ham_MIN_10,C.J. Ham,7.0,MIN,0.0,0.0,0.0,0.0,0.0,6.0,0,1,0,0,0,0
196,0,10.0,5.0,3.0,27.0,-3.0,27.42784482087593,4.097938358783722,20.25,0.0,0.0,1.0,29.0,22.76863034382404,50.0,430.0,2022.0,11,D.Cook,MIN,Cook,D.Cook_MIN_10,Dalvin Cook,70.0,MIN,18.4653445233361,17.47093992287575,104.8256395372545,109.0,18.166666666666668,6.0,0,0,1,0,0,0
197,0,10.0,16.0,10.0,193.0,211.0,115.31526312099793,8.019490957260132,20.25,3.0,3.0,4.0,32.0,34.37781403181725,50.0,430.0,2022.0,11,J.Jefferson,MIN,Jefferson,J.Jefferson_MIN_10,Justin Jefferson,83.0,MIN,98.8569167175683,91.95061423270344,551.7036853962206,803.0,133.83333333333334,6.0,0,0,0,0,1,0
198,0,10.0,0.0,0.0,0.0,0.0,0.0,0.0,0.0,0.0,0.0,0.0,0.0,0.0,0.0,0.0,0.0,11,J.Mundt,MIN,Mundt,J.Mundt_MIN_10,Johnny Mundt,22.0,MIN,3.571206712809339,5.015432260035137,30.092593560210823,9.0,1.5,6.0,0,0,0,1,0,0
199,0,10.0,11.0,4.0,35.0,104.0,80.5948818646003,7.1568590104579926,20.25,0.0,1.0,2.0,16.0,20.92882183185429,50.0,430.0,2022.0,11,K.Osborn,MIN,Osborn,K.Osborn_MIN_10,K.J. Osborn,65.0,MIN,32.13408992886861,33.03065094973825,198.1839056984295,108.0,18.0,6.0,0,0,0,0,1,0
200,0,10.0,1.0,1.0,8.0,-4.0,4.52814649769512,0.865271508693695,20.25,0.0,0.0,0.0,12.0,9.44608623205568,50.0,430.0,2022.0,11,A.Mattison,MIN,Mattison,A.Mattison_MIN_10,Alexander Mattison,13.0,MIN,4.5731838068107,5.965156651329021,35.79093990797413,44.0,7.333333333333333,6.0,0,0,1,0,0,0
201,0,10.0,10.0,7.0,45.0,51.0,62.16574928018549,6.880159497261047,20.25,1.0,1.0,2.0,15.0,36.73281377372769,50.0,430.0,2022.0,11,T.Hockenson,MIN,Hockenson,T.Hockenson_MIN_10,T.J. Hockenson,77.0,MIN,,,,,,2.0,0,0,0,1,0,0
202,0,10.0,4.0,3.0,19.0,5.0,21.975195483208765,3.206847190856934,19.25,0.0,0.0,0.0,18.0,20.82082613429516,28.0,270.0,2022.0,11,A.Kamara,NO,Kamara,A.Kamara_NO_10,Alvin Kamara,37.0,NO,41.554852668463155,39.039834709134425,234.23900825480655,319.0,53.166666666666664,6.0,0,0,1,0,0,0
203,0,10.0,5.0,3.0,40.0,68.0,43.04691598536925,2.903145998716354,19.25,0.0,0.0,0.0,3.0,9.08866709827998,28.0,270.0,2022.0,11,C.Olave,NO,Olave,C.Olave_NO_10,Chris Olave,36.0,NO,59.00967902657051,66.96299531221312,401.7779718732788,390.0,65.0,6.0,0,0,0,0,1,0
204,0,10.0,7.0,5.0,44.0,69.0,56.602640333208825,4.620104759931565,19.25,0.0,0.0,3.0,12.0,19.032096139169887,28.0,270.0,2022.0,11,J.Johnson,NO,Johnson,J.Johnson_NO_10,Juwan Johnson,31.0,NO,27.364617106300848,29.731697071062058,178.39018242637235,186.0,31.0,6.0,0,0,0,1,0,0
205,0,10.0,6.0,3.0,37.0,60.0,53.349680684575105,3.971258729696275,19.25,0.0,1.0,3.0,3.0,11.50700163980218,28.0,270.0,2022.0,11,J.Landry,NO,Landry,J.Landry_NO_10,Jarvis Landry,37.0,NO,45.19449183642304,44.698534955368224,223.4926747768411,205.0,41.0,5.0,0,0,0,0,1,0
206,0,10.0,0.0,0.0,0.0,0.0,0.0,0.0,0.0,0.0,0.0,0.0,0.0,0.0,0.0,0.0,0.0,11,T.Hill,NO,Hill,T.Hill_NO_10,Taysom Hill,19.0,NO,0.0,2.521912233779086,15.131473402674516,14.0,2.3333333333333335,6.0,0,0,0,1,0,0
207,0,10.0,0.0,0.0,0.0,0.0,0.0,0.0,0.0,0.0,0.0,0.0,0.0,0.0,0.0,0.0,0.0,11,A.Prentice,NO,Prentice,A.Prentice_NO_10,Adam Prentice,9.0,NO,0.0,1.4231011227140637,5.692404490856255,2.0,0.5,4.0,0,1,0,0,0,0
208,0,10.0,3.0,2.0,22.0,14.0,18.309651439733635,2.1952924132347107,19.25,0.0,0.0,0.0,10.0,8.08743120854342,28.0,270.0,2022.0,11,A.Trautman,NO,Trautman,A.Trautman_NO_10,Adam Trautman,19.0,NO,12.831420332938269,12.820228656845776,76.92137194107465,116.0,19.333333333333332,6.0,0,0,0,1,0,0
209,0,10.0,0.0,0.0,0.0,0.0,0.0,0.0,0.0,0.0,0.0,0.0,0.0,0.0,0.0,0.0,0.0,11,T.Smith,NO,Smith,T.Smith_NO_10,Tre'Quan Smith,7.0,NO,25.890680312879176,21.887902983904443,131.32741790342666,141.0,23.5,6.0,0,0,0,0,1,0
210,0,10.0,0.0,0.0,0.0,0.0,0.0,0.0,0.0,0.0,0.0,0.0,0.0,0.0,0.0,0.0,0.0,11,K.White,NO,White,K.White_NO_10,Kevin White,31.0,NO,0.0,2.425287903296094,12.12643951648047,74.0,14.8,5.0,0,0,0,0,1,0
211,0,10.0,1.0,1.0,12.0,12.0,7.719616975987152,0.540147304534912,19.25,0.0,0.0,0.0,0.0,2.89579481503461,28.0,270.0,2022.0,11,R.Shaheed,NO,Shaheed,R.Shaheed_NO_10,Rashid Shaheed,6.0,NO,7.719616975987152,9.845891279403627,49.22945639701813,103.0,20.6,5.0,0,0,0,0,1,0
212,0,10.0,0.0,0.0,0.0,0.0,0.0,0.0,0.0,0.0,0.0,0.0,0.0,0.0,0.0,0.0,0.0,11,D.Washington,NO,Washington,D.Washington_NO_10,Dwayne Washington,4.0,NO,0.0,0.9676332931271779,5.805799758763068,7.0,1.1666666666666667,6.0,0,0,1,0,0,0
213,0,10.0,0.0,0.0,0.0,0.0,0.0,0.0,0.0,0.0,0.0,0.0,0.0,0.0,0.0,0.0,0.0,11,C.Myarick,NYG,Myarick,C.Myarick_NYG_10,Chris Myarick,16.0,NYG,1.6201445473428433,3.9434009060688346,23.660405436413008,35.0,5.833333333333333,6.0,0,0,0,1,0,0
214,0,10.0,0.0,0.0,0.0,0.0,0.0,0.0,0.0,0.0,0.0,0.0,0.0,0.0,0.0,0.0,0.0,11,K.Golladay,NYG,Golladay,K.Golladay_NYG_10,Kenny Golladay,26.0,NYG,0.0,2.8679053507788437,14.339526753894217,22.0,4.4,5.0,0,0,0,0,1,0
215,0,10.0,1.0,1.0,8.0,-1.0,5.655197267337766,0.87018358707428,23.5,0.0,0.0,0.0,9.0,7.88118474037037,17.0,96.0,2022.0,11,S.Barkley,NYG,Barkley,S.Barkley_NYG_10,Saquon Barkley,55.0,NYG,18.561143633465946,19.93343903016832,119.60063418100992,106.0,17.666666666666668,6.0,0,0,1,0,0,0
216,0,10.0,2.0,2.0,20.0,7.0,13.905979192901444,1.526921689510345,23.5,0.0,0.0,1.0,13.0,10.62251056341483,17.0,96.0,2022.0,11,W.Robinson,NYG,Robinson,W.Robinson_NYG_10,Wan'Dale Robinson,52.0,NYG,18.79398277210801,23.59543715474962,117.9771857737481,127.0,25.4,5.0,0,0,0,0,1,0
217,0,10.0,3.0,3.0,24.0,14.0,21.080978844456354,2.269616127014161,23.5,0.0,0.0,1.0,10.0,13.96023067350325,17.0,96.0,2022.0,11,T.Hudson,NYG,Hudson,T.Hudson_NYG_10,Tanner Hudson,11.0,NYG,8.696760057221958,11.986715435364365,71.92029261218619,100.0,16.666666666666668,6.0,0,0,0,1,0,0
218,0,10.0,4.0,3.0,95.0,34.0,34.899211834347156,2.685697555541992,23.5,0.0,1.0,2.0,76.0,12.34001421568245,17.0,96.0,2022.0,11,D.Slayton,NYG,Slayton,D.Slayton_NYG_10,Darius Slayton,55.0,NYG,43.04525668661037,40.28053774046989,241.68322644281932,327.0,54.5,6.0,0,0,0,0,1,0
219,0,10.0,0.0,0.0,0.0,0.0,0.0,0.0,0.0,0.0,0.0,0.0,0.0,0.0,0.0,0.0,0.0,11,M.Breida,NYG,Breida,M.Breida_NYG_10,Matt Breida,14.0,NYG,7.087840899278575,7.429868053553361,44.579208321320166,54.0,9.0,6.0,0,0,1,0,0,0
220,0,10.0,0.0,0.0,0.0,0.0,0.0,0.0,0.0,0.0,0.0,0.0,0.0,0.0,0.0,0.0,0.0,11,M.Johnson,NYG,Johnson,M.Johnson_NYG_10,Marcus Johnson,4.0,NYG,9.468747700486762,15.555769811421321,93.33461886852793,63.0,10.5,6.0,0,0,0,0,1,0
221,0,10.0,2.0,2.0,41.0,29.0,20.609457017636124,1.116080224514008,23.5,0.0,1.0,2.0,12.0,9.132843403916919,17.0,96.0,2022.0,11,I.Hodgins,NYG,Hodgins,I.Hodgins_NYG_10,Isaiah Hodgins,43.0,NYG,,,,,,1.0,0,0,0,0,1,0
222,0,10.0,2.0,2.0,9.0,-2.0,9.653746320759204,1.6496967673301701,23.5,1.0,0.0,0.0,11.0,13.39335236015177,17.0,96.0,2022.0,11,L.Cager,NYG,Cager,L.Cager_NYG_10,Lawrence Cager,45.0,NYG,,,,,,2.0,0,0,0,1,0,0
223,0,10.0,4.0,1.0,7.0,63.0,41.28557166928981,2.311523973941802,27.0,0.0,0.0,1.0,0.0,3.55037606223777,25.0,202.0,2022.0,11,A.Brown,PHI,Brown,A.Brown_PHI_10,A.J. Brown,39.0,PHI,53.54947793903847,63.578043592767386,381.4682615566043,416.0,69.33333333333333,6.0,0,0,0,0,1,0
224,0,10.0,3.0,3.0,23.0,10.0,17.29040456512594,2.046153485774995,27.0,1.0,0.0,1.0,13.0,14.117183734553729,25.0,202.0,2022.0,11,D.Goedert,PHI,Goedert,D.Goedert_PHI_10,Dallas Goedert,50.0,PHI,46.2975327357513,49.40898019635622,296.4538811781373,376.0,62.666666666666664,6.0,0,0,0,1,0,0
225,0,10.0,2.0,1.0,5.0,3.0,12.686558604006226,1.643027544021607,27.0,0.0,0.0,1.0,4.0,6.14843008619937,25.0,202.0,2022.0,11,K.Gainwell,PHI,Gainwell,K.Gainwell_PHI_10,Kenneth Gainwell,16.0,PHI,8.636432284598262,7.542379270494777,45.25427562296866,27.0,4.5,6.0,0,0,1,0,0,0
226,0,10.0,0.0,0.0,0.0,0.0,0.0,0.0,0.0,0.0,0.0,0.0,0.0,0.0,0.0,0.0,0.0,11,M.Sanders,PHI,Sanders,M.Sanders_PHI_10,Miles Sanders,29.0,PHI,2.848699681704211,6.801722666598875,40.81033599959325,29.0,4.833333333333333,6.0,0,0,1,0,0,0
227,0,10.0,2.0,1.0,10.0,10.0,13.490408493238712,1.526992321014404,27.0,0.0,0.0,0.0,5.0,4.06108848718577,25.0,202.0,2022.0,11,Z.Pascal,PHI,Pascal,Z.Pascal_PHI_10,Zach Pascal,21.0,PHI,2.615747784084884,6.06409517286702,36.38457103720212,75.0,12.5,6.0,0,0,0,0,1,0
228,0,10.0,0.0,0.0,0.0,0.0,0.0,0.0,0.0,0.0,0.0,0.0,0.0,0.0,0.0,0.0,0.0,11,B.Scott,PHI,Scott,B.Scott_PHI_10,Boston Scott,5.0,PHI,0.0,1.0226954780643083,6.13617286838585,2.0,0.3333333333333333,6.0,0,0,1,0,0,0
229,0,10.0,8.0,6.0,53.0,47.0,58.30299249098357,5.743417501449585,27.0,0.0,0.0,1.0,24.0,25.707308097094952,25.0,202.0,2022.0,11,D.Smith,PHI,Smith,D.Smith_PHI_10,DeVonta Smith,43.0,PHI,45.745201264984345,46.62209104405327,279.73254626431964,246.0,41.0,6.0,0,0,0,0,1,0
230,0,10.0,4.0,4.0,66.0,61.0,44.38000332870579,2.409737855195999,27.0,0.0,0.0,2.0,19.0,35.02195464693072,25.0,202.0,2022.0,11,Q.Watkins,PHI,Watkins,Q.Watkins_PHI_10,Quez Watkins,29.0,PHI,11.089044677969753,14.577465732097297,87.46479439258378,110.0,18.333333333333332,6.0,0,0,0,0,1,0
231,0,10.0,0.0,0.0,0.0,0.0,0.0,0.0,0.0,0.0,0.0,0.0,0.0,0.0,0.0,0.0,0.0,11,G.Calcaterra,PHI,Calcaterra,G.Calcaterra_PHI_10,Grant Calcaterra,7.0,PHI,0.0,0.0,0.0,0.0,0.0,6.0,0,0,0,1,0,0
232,0,10.0,1.0,1.0,11.0,11.0,9.510330319627148,0.650346159934998,27.0,0.0,0.0,0.0,0.0,3.08009205554845,25.0,202.0,2022.0,11,J.Stoll,PHI,Stoll,J.Stoll_PHI_10,Jack Stoll,11.0,PHI,3.1694545888419863,5.003230065079367,30.019380390476204,45.0,7.5,6.0,0,0,0,1,0,0
233,0,10.0,5.0,4.0,63.0,81.0,44.2308283831144,2.7628511786460876,20.25,0.0,0.0,2.0,3.0,19.968823057395632,26.0,199.0,2022.0,11,D.Johnson,PIT,Johnson,D.Johnson_PIT_10,Diontae Johnson,77.0,PIT,45.97868184175604,53.30683354361896,319.84100126171376,239.0,39.833333333333336,6.0,0,0,0,0,1,0
234,0,10.0,4.0,3.0,32.0,35.0,34.260843096513995,2.7648892402648917,20.25,0.0,0.0,2.0,12.0,12.51646461911879,26.0,199.0,2022.0,11,G.Pickens,PIT,Pickens,G.Pickens_PIT_10,George Pickens,63.0,PIT,37.33456993871912,41.66266320523153,249.9759792313892,305.0,50.833333333333336,6.0,0,0,0,0,1,0
235,0,10.0,0.0,0.0,0.0,0.0,0.0,0.0,0.0,0.0,0.0,0.0,0.0,0.0,0.0,0.0,0.0,11,N.Harris,PIT,Harris,N.Harris_PIT_10,Najee Harris,50.0,PIT,16.457310209077995,13.224505255558986,79.34703153335391,64.0,10.666666666666666,6.0,0,0,1,0,0,0
236,0,10.0,7.0,4.0,36.0,65.0,49.3554293547334,4.127635538578035,20.25,1.0,0.0,1.0,11.0,18.30766051403771,26.0,199.0,2022.0,11,P.Freiermuth,PIT,Freiermuth,P.Freiermuth_PIT_10,Pat Freiermuth,58.0,PIT,49.335005115117156,47.813689409745024,286.88213645847014,306.0,51.0,6.0,0,0,0,1,0,0
237,0,10.0,0.0,0.0,0.0,0.0,0.0,0.0,0.0,0.0,0.0,0.0,0.0,0.0,0.0,0.0,0.0,11,Z.Gentry,PIT,Gentry,Z.Gentry_PIT_10,Zach Gentry,43.0,PIT,4.89557468641154,9.388854321446468,56.33312592867881,52.0,8.666666666666666,6.0,0,0,0,1,0,0
238,0,10.0,3.0,3.0,40.0,4.0,15.528006472303847,2.368777215480804,20.25,0.0,0.0,1.0,36.0,16.18827374177636,26.0,199.0,2022.0,11,J.Warren,PIT,Warren,J.Warren_PIT_10,Jaylen Warren,36.0,PIT,12.605187923016302,11.419122595731167,68.514735574387,125.0,20.833333333333332,6.0,0,0,1,0,0,0
239,0,10.0,2.0,2.0,9.0,2.0,10.360177740994757,1.53299880027771,20.25,0.0,0.0,0.0,7.0,12.6048233399124,26.0,199.0,2022.0,11,Co.Heyward,PIT,Heyward,C.Heyward_PIT_10,Connor Heyward,17.0,PIT,7.822052970439763,8.22992861849223,49.37957171095338,76.0,12.666666666666666,6.0,0,0,0,1,0,0
240,0,10.0,0.0,0.0,0.0,0.0,0.0,0.0,0.0,0.0,0.0,0.0,0.0,0.0,0.0,0.0,0.0,11,D.Watt,PIT,Watt,D.Watt_PIT_10,Derek Watt,6.0,PIT,0.0,1.7594578966516117,10.55674737990967,7.0,1.1666666666666667,6.0,0,1,0,0,0,0
241,0,10.0,0.0,0.0,0.0,0.0,0.0,0.0,0.0,0.0,0.0,0.0,0.0,0.0,0.0,0.0,0.0,11,M.Boykin,PIT,Boykin,M.Boykin_PIT_10,Miles Boykin,14.0,PIT,0.0,1.226718706581187,7.360312239487122,11.0,1.8333333333333333,6.0,0,0,0,0,1,0
242,0,10.0,2.0,1.0,15.0,-6.0,10.845457547788556,1.764949560165405,20.25,0.0,0.0,0.0,17.0,8.44015496569045,26.0,199.0,2022.0,11,S.Sims,PIT,Sims,S.Sims_PIT_10,Steven Sims,32.0,PIT,5.422728773894278,6.591572989763754,26.366291959055015,14.0,3.5,4.0,0,0,0,0,1,0
243,0,10.0,1.0,1.0,4.0,-3.0,5.147375941047708,0.832142233848572,20.25,0.0,0.0,1.0,7.0,9.87600548212504,26.0,199.0,2022.0,11,G.Olszewski,PIT,Olszewski,G.Olszewski_PIT_10,Gunner Olszewski,22.0,PIT,0.0,0.8578959901746179,5.147375941047708,4.0,0.6666666666666666,6.0,0,0,0,0,1,0
244,0,10.0,3.0,1.0,7.0,29.0,22.340731191187054,1.834016799926758,21.25,0.0,0.0,0.0,3.0,4.21895554161165,33.0,248.0,2022.0,11,C.Parkinson,SEA,Parkinson,C.Parkinson_SEA_10,Colby Parkinson,14.0,SEA,8.19561782738205,9.576498377085594,57.45899026251356,57.0,9.5,6.0,0,0,0,1,0,0
245,0,10.0,9.0,6.0,71.0,96.0,60.05926121925562,4.82310312986374,21.25,1.0,2.0,0.0,14.0,20.97802249786763,33.0,248.0,2022.0,11,D.Metcalf,SEA,Metcalf,D.Metcalf_SEA_10,D.K. Metcalf,47.0,SEA,56.166661922350656,50.107101818905704,300.6426109134342,297.0,49.5,6.0,0,0,0,0,1,0
246,0,10.0,2.0,2.0,38.0,38.0,17.608968937291486,0.845682114362716,21.25,0.0,1.0,0.0,0.0,3.0552489509646,33.0,248.0,2022.0,11,M.Goodwin,SEA,Goodwin,M.Goodwin_SEA_10,Marquise Goodwin,41.0,SEA,23.074338335543544,22.682329126094277,136.09397475656567,195.0,32.5,6.0,0,0,0,0,1,0
247,0,10.0,4.0,3.0,34.0,39.0,27.128024413720485,2.530590951442718,21.25,0.0,0.0,1.0,14.0,12.00902961842803,33.0,248.0,2022.0,11,N.Fant,SEA,Fant,N.Fant_SEA_10,Noah Fant,27.0,SEA,34.11920289093161,33.21935737699163,199.31614426194977,250.0,41.666666666666664,6.0,0,0,0,1,0,0
248,0,10.0,5.0,3.0,42.0,53.0,37.52232400933855,3.040777295827866,21.25,0.0,0.0,1.0,9.0,8.453819259535521,33.0,248.0,2022.0,11,T.Lockett,SEA,Lockett,T.Lockett_SEA_10,Tyler Lockett,47.0,SEA,45.49295478529102,44.04054454906606,264.2432672943964,338.0,56.333333333333336,6.0,0,0,0,0,1,0
249,0,10.0,2.0,2.0,28.0,10.0,14.251789921612195,1.568913340568543,21.25,0.0,0.0,1.0,18.0,8.590724407898971,33.0,248.0,2022.0,11,W.Dissly,SEA,Dissly,W.Dissly_SEA_10,Will Dissly,22.0,SEA,17.38509450227485,16.36012905015752,98.16077430094512,142.0,23.666666666666668,6.0,0,0,0,1,0,0
250,0,10.0,8.0,6.0,55.0,-17.0,42.66750631633654,6.647356629371643,21.25,0.0,0.0,2.0,68.0,52.11154734059526,33.0,248.0,2022.0,11,K.Walker,SEA,Walker,K.Walker_SEA_10,Kenneth Walker,45.0,SEA,12.766031318660133,14.316327865173292,85.89796719103975,89.0,14.833333333333334,6.0,0,0,1,0,0,0
251,0,10.0,0.0,0.0,0.0,0.0,0.0,0.0,0.0,0.0,0.0,0.0,0.0,0.0,0.0,0.0,0.0,11,T.Homer,SEA,Homer,T.Homer_SEA_10,Travis Homer,8.0,SEA,2.2551662839898015,6.33946339504692,38.03678037028152,79.0,13.166666666666666,6.0,0,0,1,0,0,0
252,0,10.0,0.0,0.0,0.0,0.0,0.0,0.0,0.0,0.0,0.0,0.0,0.0,0.0,0.0,0.0,0.0,11,P.Hart,SEA,Hart,P.Hart_SEA_10,Penny Hart,3.0,SEA,0.0,1.4353252641765533,8.61195158505932,15.0,2.5,6.0,0,0,0,0,1,0
253,0,10.0,7.0,6.0,84.0,71.0,64.88155633820725,4.590255469083786,27.0,1.0,0.0,4.0,21.0,24.21613345797958,28.0,175.0,2022.0,11,B.Aiyuk,SF,Aiyuk,B.Aiyuk_SF_10,Brandon Aiyuk,69.0,SF,55.08424164982152,56.448720242027115,338.6923214521627,425.0,70.83333333333333,6.0,0,0,0,0,1,0
254,0,10.0,6.0,2.0,24.0,30.0,45.35626964818188,4.188479930162431,27.0,1.0,0.0,0.0,26.0,17.38659875289163,28.0,175.0,2022.0,11,D.Samuel,SF,Samuel,D.Samuel_SF_10,Deebo Samuel,62.0,SF,55.11986512444309,56.39395112835783,338.36370677014696,353.0,58.833333333333336,6.0,0,0,0,0,1,0
255,0,10.0,4.0,4.0,40.0,25.0,29.45537884617059,2.793197870254517,27.0,0.0,0.0,1.0,15.0,17.74543654709851,28.0,175.0,2022.0,11,J.Jennings,SF,Jennings,J.Jennings_SF_10,Jauan Jennings,23.0,SF,23.3739446892207,23.583127708321342,141.49876624992805,154.0,25.666666666666668,6.0,0,0,0,0,1,0
256,0,10.0,1.0,1.0,33.0,18.0,13.927070340578714,0.584219932556152,27.0,0.0,0.0,0.0,15.0,4.54136558005121,28.0,175.0,2022.0,11,R.McCloud,SF,McCloud,R.McCloud_SF_10,Ray-Ray McCloud,7.0,SF,19.143616059997193,17.881312661607392,107.28787596964436,115.0,19.166666666666668,6.0,0,0,0,0,1,0
257,0,10.0,0.0,0.0,0.0,0.0,0.0,0.0,0.0,0.0,0.0,0.0,0.0,0.0,0.0,0.0,0.0,11,T.Kroft,SF,Kroft,T.Kroft_SF_10,Tyler Kroft,21.0,SF,3.417012566716266,5.73865322358286,22.95461289433144,15.0,3.75,4.0,0,0,0,1,0,0
258,0,10.0,2.0,1.0,21.0,23.0,20.481165378226407,1.260728299617767,27.0,0.0,0.0,1.0,9.0,5.36339741977281,28.0,175.0,2022.0,11,G.Kittle,SF,Kittle,G.Kittle_SF_10,George Kittle,71.0,SF,36.15566571041107,42.06141788168247,252.36850729009484,312.0,52.0,6.0,0,0,0,1,0,0
259,0,10.0,0.0,0.0,0.0,0.0,0.0,0.0,0.0,0.0,0.0,0.0,0.0,0.0,0.0,0.0,0.0,11,K.Juszczyk,SF,Juszczyk,K.Juszczyk_SF_10,Kyle Juszczyk,27.0,SF,11.419661841648487,13.448230904910213,80.68938542946128,153.0,25.5,6.0,0,1,0,0,0,0
260,0,10.0,6.0,4.0,39.0,11.0,41.83763066205487,4.601233333349229,27.0,0.0,0.0,0.0,48.0,32.64308332361543,28.0,175.0,2022.0,11,C.McCaffrey,SF,McCaffrey,C.McCaffrey_SF_10,Christian McCaffrey,46.0,SF,41.83763066205487,32.994069163989046,98.98220749196713,118.0,39.333333333333336,3.0,0,0,1,0,0,0
261,0,10.0,2.0,1.0,-1.0,-3.0,9.396379907081567,1.670376598834991,27.0,1.0,0.0,1.0,4.0,6.4798790384084,28.0,175.0,2022.0,11,E.Mitchell,SF,Mitchell,E.Mitchell_SF_10,Elijah Mitchell,25.0,SF,,,,,,2.0,0,0,1,0,0,0
262,0,10.0,2.0,1.0,8.0,9.0,16.02198650005721,1.540622115135193,23.75,0.0,0.0,1.0,13.0,9.48716185468948,29.0,261.0,2022.0,11,C.Brate,TB,Brate,C.Brate_TB_10,Cameron Brate,34.0,TB,20.564552358876572,27.414080088006397,164.48448052803838,122.0,20.333333333333332,6.0,0,0,0,1,0,0
263,0,10.0,8.0,6.0,71.0,64.0,65.78227293074204,5.447043240070342,23.75,1.0,0.0,4.0,22.0,28.00671831124784,29.0,261.0,2022.0,11,C.Godwin,TB,Godwin,C.Godwin_TB_10,Chris Godwin,67.0,TB,68.39168959641901,77.60987241569332,465.65923449415993,381.0,63.5,6.0,0,0,0,0,1,0
264,0,10.0,5.0,3.0,53.0,63.0,47.261249880805465,3.216608405113221,23.75,0.0,0.0,3.0,40.0,14.8480190561968,29.0,261.0,2022.0,11,J.Jones,TB,Jones,J.Jones_TB_10,Julio Jones,38.0,TB,38.7533982039463,36.240649232462296,181.20324616231147,178.0,35.6,5.0,0,0,0,0,1,0
265,0,10.0,1.0,1.0,1.0,-5.0,5.010433454879502,0.872436881065369,23.75,0.0,0.0,0.0,6.0,10.5608757006703,29.0,261.0,2022.0,11,L.Fournette,TB,Fournette,L.Fournette_TB_10,Leonard Fournette,22.0,TB,24.93685879477989,29.326862768021993,175.96117660813195,204.0,34.0,6.0,0,0,1,0,0,0
266,0,10.0,6.0,5.0,54.0,60.0,48.8751984284286,3.975955814123155,23.75,0.0,0.0,1.0,4.0,22.15835314215655,29.0,261.0,2022.0,11,M.Evans,TB,Evans,M.Evans_TB_10,Mike Evans,55.0,TB,77.17471471755,82.28417423592418,493.7050454155451,436.0,72.66666666666667,6.0,0,0,0,0,1,0
267,0,10.0,0.0,0.0,0.0,0.0,0.0,0.0,0.0,0.0,0.0,0.0,0.0,0.0,0.0,0.0,0.0,11,R.White,TB,White,R.White_TB_10,Rachaad White,48.0,TB,15.270189284867488,14.744253526282572,88.46552115769543,78.0,13.0,6.0,0,0,1,0,0,0
268,0,10.0,0.0,0.0,0.0,0.0,0.0,0.0,0.0,0.0,0.0,0.0,0.0,0.0,0.0,0.0,0.0,11,B.Perriman,TB,Perriman,B.Perriman_TB_10,Breshad Perriman,18.0,TB,2.3536682055087472,8.51131568980078,51.067894138804675,56.0,9.333333333333334,6.0,0,0,0,0,1,0
269,0,10.0,3.0,3.0,35.0,30.0,23.217176178114368,1.96582606434822,23.75,0.0,0.0,0.0,5.0,14.694019042508451,29.0,261.0,2022.0,11,C.Otton,TB,Otton,C.Otton_TB_10,Cade Otton,46.0,TB,34.2749807002187,33.35616844333659,200.13701066001954,248.0,41.333333333333336,6.0,0,0,0,1,0,0
270,0,10.0,2.0,2.0,25.0,25.0,16.445539325709184,1.13638561964035,23.75,0.0,0.0,1.0,0.0,8.243784168240381,29.0,261.0,2022.0,11,S.Miller,TB,Miller,S.Miller_TB_10,Scott Miller,14.0,TB,14.741522040938847,26.954880589849946,161.72928353909967,132.0,22.0,6.0,0,0,0,0,1,0
271,0,10.0,0.0,0.0,0.0,0.0,0.0,0.0,0.0,0.0,0.0,0.0,0.0,0.0,0.0,0.0,0.0,11,K.Kieft,TB,Kieft,K.Kieft_TB_10,Ko Kieft,23.0,TB,3.481278343457567,4.886512260164849,29.319073560989096,33.0,5.5,6.0,0,0,0,1,0,0
272,0,10.0,1.0,1.0,11.0,-1.0,5.703679255092929,0.863172829151154,23.75,0.0,0.0,0.0,12.0,8.15852874908887,29.0,261.0,2022.0,11,K.Vaughn,TB,Vaughn,K.Vaughn_TB_10,Ke'Shawn Vaughn,5.0,TB,,,,,,2.0,0,0,1,0,0,0
273,0,10.0,8.0,5.0,41.0,74.0,62.87731404698582,4.861453980207443,21.25,0.0,0.0,2.0,16.0,21.29975688101694,37.0,270.0,2022.0,11,A.Hooper,TEN,Hooper,A.Hooper_TEN_10,Austin Hooper,38.0,TEN,14.926061363406674,21.770485832061173,130.62291499236704,147.0,24.5,6.0,0,0,0,1,0,0
274,0,10.0,0.0,0.0,0.0,0.0,0.0,0.0,0.0,0.0,0.0,0.0,0.0,0.0,0.0,0.0,0.0,11,C.Hollister,TEN,Hollister,C.Hollister_TEN_10,Cody Hollister,9.0,TEN,0.0,2.527115159193739,15.162690955162432,32.0,5.333333333333333,6.0,0,0,0,0,1,0
275,0,10.0,2.0,1.0,41.0,33.0,17.397195048654588,0.949242800474167,21.25,0.0,0.0,1.0,25.0,5.51556324231206,37.0,270.0,2022.0,11,C.Okonkwo,TEN,Okonkwo,C.Okonkwo_TEN_10,Chigoziem Okonkwo,20.0,TEN,17.12524580238856,12.271195270857874,73.62717162514724,130.0,21.666666666666668,6.0,0,0,0,1,0,0
276,0,10.0,2.0,1.0,6.0,-5.0,11.22166287617655,1.7444343566894531,21.25,0.0,0.0,0.0,10.0,10.1612215315836,37.0,270.0,2022.0,11,D.Hilliard,TEN,Hilliard,D.Hilliard_TEN_10,Dontrell Hilliard,26.0,TEN,8.240701496710468,10.379609037305732,62.27765422383439,55.0,9.166666666666666,6.0,0,0,1,0,0,0
277,0,10.0,0.0,0.0,0.0,0.0,0.0,0.0,0.0,0.0,0.0,0.0,0.0,0.0,0.0,0.0,0.0,11,G.Swaim,TEN,Swaim,G.Swaim_TEN_10,Geoff Swaim,33.0,TEN,0.0,1.0408920754231186,6.245352452538711,5.0,0.8333333333333334,6.0,0,0,0,1,0,0
278,0,10.0,8.0,5.0,119.0,85.0,66.3430849729985,4.899103313684463,21.25,1.0,0.0,2.0,51.0,17.77697296283441,37.0,270.0,2022.0,11,N.Westbrook-Ikhine,TEN,Westbrook-Ikhine,N.Westbrook-Ikhine_TEN_10,Nick Westbrook-Ikhine,48.0,TEN,0.0,15.640442030964683,93.8426521857881,191.0,31.833333333333332,6.0,0,0,0,0,1,0
279,0,10.0,7.0,2.0,10.0,55.0,49.90871864643153,4.598697781562806,21.25,1.0,2.0,4.0,1.0,8.82466799697431,37.0,270.0,2022.0,11,R.Woods,TEN,Woods,R.Woods_TEN_10,Robert Woods,50.0,TEN,23.167157366125068,25.46714164371791,152.80284986230745,129.0,21.5,6.0,0,0,0,0,1,0
280,0,10.0,6.0,3.0,24.0,20.0,32.284446102299846,4.368927955627443,21.25,1.0,1.0,0.0,19.0,18.505265019790393,37.0,270.0,2022.0,11,T.Burks,TEN,Burks,T.Burks_TEN_10,Treylon Burks,35.0,TEN,32.284446102299846,31.616620815559124,158.0831040777956,153.0,30.6,5.0,0,0,0,0,1,0
281,0,10.0,0.0,0.0,0.0,0.0,0.0,0.0,0.0,0.0,0.0,0.0,0.0,0.0,0.0,0.0,0.0,11,H.Haskins,TEN,Haskins,H.Haskins_TEN_10,Hassan Haskins,2.0,TEN,0.0,1.7701523810029578,10.620914286017747,7.0,1.1666666666666667,6.0,0,0,1,0,0,0
282,0,10.0,3.0,2.0,14.0,7.0,19.51720196065089,2.469011425971986,21.25,0.0,0.0,1.0,6.0,9.9090282527468,37.0,270.0,2022.0,11,D.Henry,TEN,Henry,D.Henry_TEN_10,Derrick Henry,36.0,TEN,13.461539339982604,13.304176940115298,79.82506164069179,96.0,16.0,6.0,0,0,1,0,0,0
283,0,10.0,3.0,3.0,14.0,-2.0,14.070688264508274,2.472582697868348,16.0,0.0,0.0,0.0,16.0,22.61930165871307,25.0,283.0,2022.0,11,A.Gibson,WAS,Gibson,A.Gibson_WAS_10,Antonio Gibson,40.0,WAS,20.12596759041483,21.681811987722753,130.09087192633652,152.0,25.333333333333332,6.0,0,0,1,0,0,0
284,0,10.0,0.0,0.0,0.0,0.0,0.0,0.0,0.0,0.0,0.0,0.0,0.0,0.0,0.0,0.0,0.0,11,A.Rogers,WAS,Rogers,A.Rogers_WAS_10,Armani Rogers,21.0,WAS,0.0,5.285731717720008,31.71439030632005,41.0,6.833333333333333,6.0,0,0,0,1,0,0
285,0,10.0,4.0,2.0,28.0,41.0,33.185263717345734,2.461798399686813,16.0,0.0,0.0,2.0,17.0,14.76738750062941,25.0,283.0,2022.0,11,C.Samuel,WAS,Samuel,C.Samuel_WAS_10,Curtis Samuel,53.0,WAS,33.168146468627654,40.644163875220556,243.86498325132334,264.0,44.0,6.0,0,0,0,0,1,0
286,0,10.0,1.0,1.0,14.0,9.0,5.909510172032718,0.626593768596649,16.0,0.0,0.0,0.0,5.0,2.37293041375233,25.0,283.0,2022.0,11,J.Dotson,WAS,Dotson,J.Dotson_WAS_10,Jahan Dotson,34.0,WAS,39.07875422166178,35.06137276132542,175.30686380662712,166.0,33.2,5.0,0,0,0,0,1,0
287,0,10.0,4.0,2.0,12.0,19.0,18.669601655978827,2.560432583093643,16.0,1.0,1.0,0.0,1.0,8.14196272574191,25.0,283.0,2022.0,11,L.Thomas,WAS,Thomas,L.Thomas_WAS_10,Logan Thomas,61.0,WAS,16.706640045711257,18.929436186734815,113.5766171204089,73.0,12.166666666666666,6.0,0,0,0,1,0,0
288,0,10.0,11.0,8.0,128.0,188.0,88.56652370763184,5.9534189105033875,16.0,0.0,0.0,3.0,31.0,38.39272052328307,25.0,283.0,2022.0,11,T.McLaurin,WAS,McLaurin,T.McLaurin_WAS_10,Terry McLaurin,71.0,WAS,59.34655609397602,60.644857296537374,363.86914377922426,487.0,81.16666666666667,6.0,0,0,0,0,1,0
289,0,10.0,0.0,0.0,0.0,0.0,0.0,0.0,0.0,0.0,0.0,0.0,0.0,0.0,0.0,0.0,0.0,11,D.Milne,WAS,Milne,D.Milne_WAS_10,Dax Milne,8.0,WAS,2.9729620682143927,3.07249809213895,18.4349885528337,19.0,3.1666666666666665,6.0,0,0,0,0,1,0
290,0,10.0,0.0,0.0,0.0,0.0,0.0,0.0,0.0,0.0,0.0,0.0,0.0,0.0,0.0,0.0,0.0,11,J.Bates,WAS,Bates,J.Bates_WAS_10,John Bates,41.0,WAS,8.347676063607114,11.538226653524832,69.229359921149,69.0,11.5,6.0,0,0,0,1,0,0
291,0,10.0,1.0,1.0,15.0,15.0,9.255953531750915,0.56987726688385,16.0,0.0,0.0,0.0,0.0,3.3341060980456,25.0,283.0,2022.0,11,D.Brown,WAS,Brown,D.Brown_WAS_10,Dyami Brown,16.0,WAS,4.627976765875458,15.291937565852384,91.7516253951143,126.0,21.0,6.0,0,0,0,0,1,0
292,0,10.0,0.0,0.0,0.0,0.0,0.0,0.0,0.0,0.0,0.0,0.0,0.0,0.0,0.0,0.0,0.0,11,C.Sims,WAS,Sims,C.Sims_WAS_10,Cam Sims,27.0,WAS,10.389492401143738,11.462614688747081,68.77568813248249,58.0,9.666666666666666,6.0,0,0,0,0,1,0
293,0,10.0,0.0,0.0,0.0,0.0,0.0,0.0,0.0,0.0,0.0,0.0,0.0,0.0,0.0,0.0,0.0,11,B.Robinson,WAS,Robinson,B.Robinson_WAS_10,Brian Robinson,43.0,WAS,0.0,3.1748290237311907,19.048974142387145,7.0,1.1666666666666667,6.0,0,0,1,0,0,0
